logged_at_ts,price,direction,entry,stop,target,rr,reason
1784019496979,1780.12,,,,,,Signal isn't clear enough (score is in the neutral zone) — sitting out this hour.
1784019662424,1785.04,,,,,,Signal isn't clear enough (score is in the neutral zone) — sitting out this hour.
1784023265213,1785.15,,,,,,Signal isn't clear enough (score is in the neutral zone) — sitting out this hour.
1784026863853,1799.4,,,,,,Signal isn't clear enough (score is in the neutral zone) — sitting out this hour.
1784030467375,1797.09,,,,,,Signal isn't clear enough (score is in the neutral zone) — sitting out this hour.
1784033451616,1797.09,,,,,,Signal isn't clear enough (score is in the neutral zone) — sitting out this hour.
1784034068283,1860.39,,,,,,"ADX 15.9 is below 20.0 — market looks flat/choppy, sitting out."
1784037667088,1870.79,,,,,,"ADX 19.3 is below 20.0 — market looks flat/choppy, sitting out."
1784041268570,1880.23,,,,,,"Risk:reward is 0.62, below the 1.5 threshold — sitting out this hour."
1784044864589,1874.52,,,,,,"Risk:reward is 0.89, below the 1.5 threshold — sitting out this hour."
1784048463229,1873.26,,,,,,"Risk:reward is 0.59, below the 1.5 threshold — sitting out this hour."
1784050706624,1873.26,,,,,,"Risk:reward is 0.59, below the 1.5 threshold — sitting out this hour."
1784052066552,1870.96,,,,,,"Risk:reward is 0.62, below the 1.5 threshold — sitting out this hour."
1784055664267,1873.89,,,,,,"Risk:reward is 0.52, below the 1.5 threshold — sitting out this hour."
1784059266545,1875.94,,,,,,"Risk:reward is 0.64, below the 1.5 threshold — sitting out this hour."
1784062864305,1874.46,,,,,,"Risk:reward is 0.69, below the 1.5 threshold — sitting out this hour."
1784064862867,1874.46,,,,,,"Risk:reward is 0.69, below the 1.5 threshold — sitting out this hour."
1784066465439,1875.41,,,,,,"Risk:reward is 0.65, below the 1.5 threshold — sitting out this hour."
1784070066253,1881.16,,,,,,"Risk:reward is 1.08, below the 1.5 threshold — sitting out this hour."
1784073666916,1891.12,long,1877.9334999999999,1849.676714285714,1920.3186785714286,1.5,
1784077261878,1880.8,,,,,,"Risk:reward is 0.57, below the 1.5 threshold — sitting out this hour."
1784080865120,1869.64,,,,,,"Risk:reward is 0.95, below the 1.5 threshold — sitting out this hour."
1784084463619,1863.92,,,,,,Signal isn't clear enough (score is in the neutral zone) — sitting out this hour.
1784088065958,1875.48,,,,,,Signal isn't clear enough (score is in the neutral zone) — sitting out this hour.
1784091665247,1875.69,,,,,,Signal isn't clear enough (score is in the neutral zone) — sitting out this hour.
1784095270444,1881.93,,,,,,Signal isn't clear enough (score is in the neutral zone) — sitting out this hour.
1784097175749,1881.93,,,,,,Signal isn't clear enough (score is in the neutral zone) — sitting out this hour.
1784098864456,1874.76,,,,,,Signal isn't clear enough (score is in the neutral zone) — sitting out this hour.
1784102465285,1869.25,,,,,,Signal isn't clear enough (score is in the neutral zone) — sitting out this hour.
1784106067374,1878.2,,,,,,Signal isn't clear enough (score is in the neutral zone) — sitting out this hour.
1784109671578,1878.78,,,,,,Signal isn't clear enough (score is in the neutral zone) — sitting out this hour.
1784113269963,1877.02,,,,,,Signal isn't clear enough (score is in the neutral zone) — sitting out this hour.
1784116871466,1883.61,,,,,,Signal isn't clear enough (score is in the neutral zone) — sitting out this hour.
1784117213479,1883.61,,,,,,Signal isn't clear enough (score is in the neutral zone) — sitting out this hour.
1784120472384,1926.41,,,,,,Long signal just appeared this hour — waiting one more hour to confirm it's not noise.
1784124074160,1925.21,,,,,,"Risk:reward is 0.62, below the 1.5 threshold — sitting out this hour."
1784127674844,1932.28,,,,,,"Risk:reward is 0.57, below the 1.5 threshold — sitting out this hour."
1784131269418,1930.79,,,,,,"Risk:reward is 0.71, below the 1.5 threshold — sitting out this hour."
1784134437684,1930.79,,,,,,"Risk:reward is 0.71, below the 1.5 threshold — sitting out this hour."
1784134867432,1918.89,,,,,,"Risk:reward is 1.03, below the 1.5 threshold — sitting out this hour."
1784138467704,1927.13,,,,,,"Risk:reward is 0.70, below the 1.5 threshold — sitting out this hour."
1784142063270,1923.69,,,,,,"Risk:reward is 0.84, below the 1.5 threshold — sitting out this hour."
1784145662983,1923.12,,,,,,"Risk:reward is 0.84, below the 1.5 threshold — sitting out this hour."
1784148116911,1923.12,,,,,,"Risk:reward is 0.84, below the 1.5 threshold — sitting out this hour."
1784149268526,1922.52,,,,,,Signal isn't clear enough (score is in the neutral zone) — sitting out this hour.
1784152873692,1921.31,,,,,,Signal isn't clear enough (score is in the neutral zone) — sitting out this hour.
1784156465355,1922.33,,,,,,Signal isn't clear enough (score is in the neutral zone) — sitting out this hour.
1784160072500,1917.04,,,,,,Signal isn't clear enough (score is in the neutral zone) — sitting out this hour.
1784160877978,1917.04,,,,,,Signal isn't clear enough (score is in the neutral zone) — sitting out this hour.
1784163668659,1914.15,,,,,,Signal isn't clear enough (score is in the neutral zone) — sitting out this hour.
1784167269693,1921.85,,,,,,Signal isn't clear enough (score is in the neutral zone) — sitting out this hour.
1784170869381,1924.38,,,,,,Signal isn't clear enough (score is in the neutral zone) — sitting out this hour.
1784174465919,1917.86,,,,,,Signal isn't clear enough (score is in the neutral zone) — sitting out this hour.
1784178069681,1917.65,,,,,,Signal isn't clear enough (score is in the neutral zone) — sitting out this hour.
1784181666791,1924.53,,,,,,Signal isn't clear enough (score is in the neutral zone) — sitting out this hour.
1784185267122,1921.8,,,,,,Signal isn't clear enough (score is in the neutral zone) — sitting out this hour.
1784188869553,1909.92,,,,,,Signal isn't clear enough (score is in the neutral zone) — sitting out this hour.
1784192468058,1885.49,,,,,,Signal isn't clear enough (score is in the neutral zone) — sitting out this hour.
1784194357469,1885.49,,,,,,Signal isn't clear enough (score is in the neutral zone) — sitting out this hour.
1784196081026,1883.95,,,,,,Signal isn't clear enough (score is in the neutral zone) — sitting out this hour.
1784199669530,1887.62,,,,,,Signal isn't clear enough (score is in the neutral zone) — sitting out this hour.
1784203267614,1884.24,,,,,,Signal isn't clear enough (score is in the neutral zone) — sitting out this hour.
1784206868790,1871.72,,,,,,Signal isn't clear enough (score is in the neutral zone) — sitting out this hour.
1784210467822,1881.62,,,,,,Signal isn't clear enough (score is in the neutral zone) — sitting out this hour.
1784214058568,1882.6,,,,,,Signal isn't clear enough (score is in the neutral zone) — sitting out this hour.
1784216963144,1882.6,,,,,,Signal isn't clear enough (score is in the neutral zone) — sitting out this hour.
1784217652130,1881.16,,,,,,Signal isn't clear enough (score is in the neutral zone) — sitting out this hour.
1784221250746,1878.19,,,,,,Signal isn't clear enough (score is in the neutral zone) — sitting out this hour.
1784224850914,1868.32,,,,,,Signal isn't clear enough (score is in the neutral zone) — sitting out this hour.
1784228450146,1875.13,,,,,,Signal isn't clear enough (score is in the neutral zone) — sitting out this hour.
1784231381579,1875.13,,,,,,Signal isn't clear enough (score is in the neutral zone) — sitting out this hour.
1784232051157,1874.82,,,,,,Signal isn't clear enough (score is in the neutral zone) — sitting out this hour.
1784235650783,1871.06,,,,,,Signal isn't clear enough (score is in the neutral zone) — sitting out this hour.
1784239255951,1877.79,,,,,,Signal isn't clear enough (score is in the neutral zone) — sitting out this hour.
1784242852715,1868.19,,,,,,Signal isn't clear enough (score is in the neutral zone) — sitting out this hour.
1784243727762,1868.19,,,,,,Signal isn't clear enough (score is in the neutral zone) — sitting out this hour.
1784246466200,1863.86,,,,,,Signal isn't clear enough (score is in the neutral zone) — sitting out this hour.
1784250051895,1865.0,,,,,,Signal isn't clear enough (score is in the neutral zone) — sitting out this hour.
1784253650839,1850.42,,,,,,Short signal just appeared this hour — waiting one more hour to confirm it's not noise.
1784254587323,1850.42,,,,,,4H trend is bullish — skipping short to avoid fighting the higher timeframe.
1784257252744,1847.47,,,,,,4H trend is bullish — skipping short to avoid fighting the higher timeframe.
1784260851381,1851.89,,,,,,Short signal has held 1h of the 2h needed — waiting to confirm it's not noise.
1784264450970,1849.21,,,,,,4H trend is bullish — skipping short to avoid fighting the higher timeframe.
1784268052972,1823.3,,,,,,4H trend is bullish — skipping short to avoid fighting the higher timeframe.
1784271652740,1831.5,,,,,,4H trend is bullish — skipping short to avoid fighting the higher timeframe.
1784273744506,1831.5,,,,,,4H trend is bullish — skipping short to avoid fighting the higher timeframe.
1784275250203,1827.36,,,,,,4H trend is bullish — skipping short to avoid fighting the higher timeframe.
1784278855072,1829.26,,,,,,4H trend is bullish — skipping short to avoid fighting the higher timeframe.
1784282451514,1834.28,,,,,,4H trend is bullish — skipping short to avoid fighting the higher timeframe.
1784286049616,1835.98,,,,,,4H trend is bullish — skipping short to avoid fighting the higher timeframe.
1784289652415,1838.31,,,,,,4H trend is bullish — skipping short to avoid fighting the higher timeframe.
1784293256364,1827.77,,,,,,4H trend is bullish — skipping short to avoid fighting the higher timeframe.
1784296866227,1824.84,,,,,,4H trend is bullish — skipping short to avoid fighting the higher timeframe.
1784300452385,1821.32,,,,,,4H trend is bullish — skipping short to avoid fighting the higher timeframe.
1784304053789,1829.95,,,,,,4H trend is bullish — skipping short to avoid fighting the higher timeframe.
1784307654357,1835.01,,,,,,4H trend is bullish — skipping short to avoid fighting the higher timeframe.
1784311249421,1842.79,,,,,,4H trend is bullish — skipping short to avoid fighting the higher timeframe.
1784314851613,1845.94,,,,,,Signal isn't clear enough (score is in the neutral zone) — sitting out this hour.
1784318450744,1842.69,,,,,,Signal isn't clear enough (score is in the neutral zone) — sitting out this hour.
1784322051886,1841.88,,,,,,Short signal just appeared this hour — waiting one more hour to confirm it's not noise.
1784325650483,1840.6,,,,,,4H trend is bullish — skipping short to avoid fighting the higher timeframe.
1784329250896,1839.0,,,,,,4H trend is bullish — skipping short to avoid fighting the higher timeframe.
1784332854646,1840.99,,,,,,4H trend is bullish — skipping short to avoid fighting the higher timeframe.
1784336447853,1839.88,,,,,,4H trend is bullish — skipping short to avoid fighting the higher timeframe.
1784340046166,1841.75,,,,,,Signal isn't clear enough (score is in the neutral zone) — sitting out this hour.
1784343650073,1840.91,,,,,,Short signal just appeared this hour — waiting one more hour to confirm it's not noise.
1784347244475,1845.08,,,,,,Signal isn't clear enough (score is in the neutral zone) — sitting out this hour.
1784350847659,1843.86,,,,,,Signal isn't clear enough (score is in the neutral zone) — sitting out this hour.
1784354444835,1844.94,,,,,,Signal isn't clear enough (score is in the neutral zone) — sitting out this hour.
1784358047026,1843.92,,,,,,Signal isn't clear enough (score is in the neutral zone) — sitting out this hour.
1784361645534,1843.31,,,,,,Signal isn't clear enough (score is in the neutral zone) — sitting out this hour.
1784365332962,1846.55,,,,,,Signal isn't clear enough (score is in the neutral zone) — sitting out this hour.
1784368944001,1844.11,,,,,,Signal isn't clear enough (score is in the neutral zone) — sitting out this hour.
1784372535240,1844.5,,,,,,Signal isn't clear enough (score is in the neutral zone) — sitting out this hour.
1784376114973,1844.51,,,,,,Signal isn't clear enough (score is in the neutral zone) — sitting out this hour.
1784379726517,1843.83,,,,,,"ADX 17.0 is below 20.0 — market looks flat/choppy, sitting out."
1784383336560,1840.72,,,,,,"ADX 17.0 is below 20.0 — market looks flat/choppy, sitting out."
1784386928445,1845.0,,,,,,"ADX 16.6 is below 20.0 — market looks flat/choppy, sitting out."
1784390524395,1843.07,,,,,,Signal isn't clear enough (score is in the neutral zone) — sitting out this hour.
1784394130531,1845.26,,,,,,Signal isn't clear enough (score is in the neutral zone) — sitting out this hour.
1784397699948,1851.75,,,,,,Signal isn't clear enough (score is in the neutral zone) — sitting out this hour.
1784401246482,1856.52,,,,,,Signal isn't clear enough (score is in the neutral zone) — sitting out this hour.
1784404925374,1857.43,,,,,,Signal isn't clear enough (score is in the neutral zone) — sitting out this hour.
1784408534034,1856.1,,,,,,Signal isn't clear enough (score is in the neutral zone) — sitting out this hour.
1784412137166,1860.01,,,,,,Signal isn't clear enough (score is in the neutral zone) — sitting out this hour.
1784415647640,1862.57,,,,,,Signal isn't clear enough (score is in the neutral zone) — sitting out this hour.
1784419332964,1861.76,,,,,,Signal isn't clear enough (score is in the neutral zone) — sitting out this hour.
1784422929838,1860.44,,,,,,Long signal just appeared this hour — waiting one more hour to confirm it's not noise.
1784426529905,1858.21,long,1852.967,1841.7320000000002,1869.8195,1.5000000000000102,
1784430048413,1870.64,,,,,,"Risk:reward is 0.98, below the 1.5 threshold — sitting out this hour."
1784433755888,1866.42,long,1860.6325000000002,1848.2307142857144,1879.2351785714288,1.5,
1784437338789,1866.38,long,1860.5485,1848.0524285714287,1879.2926071428574,1.500000000000009,
1784440844792,1867.58,long,1861.722,1849.1691428571428,1880.5512857142858,1.5,
1784444449395,1868.25,long,1862.513,1850.2194285714286,1880.9533571428572,1.5000000000000184,
1784448151179,1869.18,long,1863.6875,1851.9178571428572,1881.3419642857143,1.5000000000000098,
1784451647565,1872.7,long,1867.8055,1857.3172857142856,1883.5378214285715,1.5000000000000109,
1784455333883,1865.51,,,,,,"Risk:reward is 0.72, below the 1.5 threshold — sitting out this hour."
1784458938525,1871.45,long,1865.991,1854.2931428571428,1883.5377857142857,1.5,
1784462508015,1870.51,,,,,,"Risk:reward is 0.48, below the 1.5 threshold — sitting out this hour."
1784466131549,1869.74,,,,,,"Risk:reward is 0.60, below the 1.5 threshold — sitting out this hour."
1784469739262,1871.06,,,,,,Signal isn't clear enough (score is in the neutral zone) — sitting out this hour.
1784473245762,1873.82,,,,,,Long signal just appeared this hour — waiting one more hour to confirm it's not noise.
1784476849135,1870.2,,,,,,Signal isn't clear enough (score is in the neutral zone) — sitting out this hour.
1784480445998,1865.88,,,,,,Signal isn't clear enough (score is in the neutral zone) — sitting out this hour.
1784484048522,1866.23,,,,,,Signal isn't clear enough (score is in the neutral zone) — sitting out this hour.
1784487647223,1860.17,,,,,,Signal isn't clear enough (score is in the neutral zone) — sitting out this hour.
1784491246267,1861.62,,,,,,Signal isn't clear enough (score is in the neutral zone) — sitting out this hour.
1784494926662,1866.46,,,,,,Signal isn't clear enough (score is in the neutral zone) — sitting out this hour.
1784498448851,1861.02,,,,,,Signal isn't clear enough (score is in the neutral zone) — sitting out this hour.
1784502121017,1869.61,,,,,,Signal isn't clear enough (score is in the neutral zone) — sitting out this hour.
1784505655348,1871.31,,,,,,Signal isn't clear enough (score is in the neutral zone) — sitting out this hour.
1784512846835,1868.55,,,,,,Signal isn't clear enough (score is in the neutral zone) — sitting out this hour.
1784516445691,1878.0,,,,,,Long signal just appeared this hour — waiting one more hour to confirm it's not noise.
1784520049413,1878.99,,,,,,"Risk:reward is 1.00, below the 1.5 threshold — sitting out this hour."
1784523731510,1868.04,,,,,,"Risk:reward is 0.90, below the 1.5 threshold — sitting out this hour."
1784527310697,1854.55,,,,,,Signal isn't clear enough (score is in the neutral zone) — sitting out this hour.
1784530848428,1848.57,,,,,,Signal isn't clear enough (score is in the neutral zone) — sitting out this hour.
1784534447820,1862.99,,,,,,Signal isn't clear enough (score is in the neutral zone) — sitting out this hour.
1784538049277,1859.74,,,,,,Signal isn't clear enough (score is in the neutral zone) — sitting out this hour.
1784541648134,1863.25,,,,,,Signal isn't clear enough (score is in the neutral zone) — sitting out this hour.
1784545248063,1868.0,,,,,,Signal isn't clear enough (score is in the neutral zone) — sitting out this hour.
1784548857776,1892.35,,,,,,Long signal just appeared this hour — waiting one more hour to confirm it's not noise.
1784552456200,1872.43,,,,,,"Risk:reward is 0.68, below the 1.5 threshold — sitting out this hour."
1784556049211,1861.8,,,,,,"Risk:reward is 0.85, below the 1.5 threshold — sitting out this hour."
1784559656635,1867.38,,,,,,"Risk:reward is 0.88, below the 1.5 threshold — sitting out this hour."
1784563250205,1901.5,,,,,,"Risk:reward is 0.59, below the 1.5 threshold — sitting out this hour."
1784566852770,1898.43,,,,,,"Risk:reward is 0.73, below the 1.5 threshold — sitting out this hour."
1784570451931,1906.62,,,,,,"Risk:reward is 0.49, below the 1.5 threshold — sitting out this hour."
1784574051222,1898.55,,,,,,"Risk:reward is 0.76, below the 1.5 threshold — sitting out this hour."
1784577656756,1897.65,,,,,,"Risk:reward is 0.52, below the 1.5 threshold — sitting out this hour."
1784581254331,1904.06,,,,,,"Risk:reward is 0.95, below the 1.5 threshold — sitting out this hour."
1784584849471,1901.51,,,,,,"Risk:reward is 1.07, below the 1.5 threshold — sitting out this hour."
1784588448811,1894.78,,,,,,"Risk:reward is 0.70, below the 1.5 threshold — sitting out this hour."
1784592049290,1903.75,,,,,,"Risk:reward is 1.00, below the 1.5 threshold — sitting out this hour."
1784595648398,1913.94,,,,,,"Risk:reward is 0.59, below the 1.5 threshold — sitting out this hour."
1784599249630,1906.38,,,,,,"Risk:reward is 0.91, below the 1.5 threshold — sitting out this hour."
1784602847787,1916.3,,,,,,"Risk:reward is 0.51, below the 1.5 threshold — sitting out this hour."
1784606450921,1925.63,,,,,,"Risk:reward is 0.48, below the 1.5 threshold — sitting out this hour."
1784610047115,1923.5,,,,,,"Risk:reward is 0.65, below the 1.5 threshold — sitting out this hour."
1784613646658,1929.55,,,,,,"Risk:reward is 0.47, below the 1.5 threshold — sitting out this hour."
1784617252097,1934.01,long,1924.824,1905.1397142857143,1954.3504285714287,1.4999999999999942,
1784620848337,1933.04,long,1924.2279999999998,1905.3451428571427,1952.5522857142855,1.5,
1784624453091,1938.89,,,,,,"Risk:reward is 1.19, below the 1.5 threshold — sitting out this hour."
1784628051086,1940.93,,,,,,"Risk:reward is 1.10, below the 1.5 threshold — sitting out this hour."
1784631652160,1933.03,,,,,,"Risk:reward is 0.61, below the 1.5 threshold — sitting out this hour."
1784635255300,1934.87,,,,,,"Risk:reward is 0.52, below the 1.5 threshold — sitting out this hour."
1784638857237,1941.64,,,,,,"Risk:reward is 1.02, below the 1.5 threshold — sitting out this hour."
1784642458470,1939.39,,,,,,"Risk:reward is 1.11, below the 1.5 threshold — sitting out this hour."
1784646050347,1930.95,,,,,,Signal isn't clear enough (score is in the neutral zone) — sitting out this hour.
1784649653189,1930.88,,,,,,Signal isn't clear enough (score is in the neutral zone) — sitting out this hour.
1784653256593,1925.5,,,,,,Signal isn't clear enough (score is in the neutral zone) — sitting out this hour.
1784656852868,1917.81,,,,,,Signal isn't clear enough (score is in the neutral zone) — sitting out this hour.
1784660452048,1919.06,,,,,,Signal isn't clear enough (score is in the neutral zone) — sitting out this hour.
1784664050749,1922.45,,,,,,Signal isn't clear enough (score is in the neutral zone) — sitting out this hour.
1784667653423,1922.0,,,,,,Signal isn't clear enough (score is in the neutral zone) — sitting out this hour.
1784671247962,1923.06,,,,,,Signal isn't clear enough (score is in the neutral zone) — sitting out this hour.
1784674853409,1919.73,,,,,,Signal isn't clear enough (score is in the neutral zone) — sitting out this hour.
1784678448998,1929.21,,,,,,Signal isn't clear enough (score is in the neutral zone) — sitting out this hour.
1784682053670,1938.13,,,,,,Long signal just appeared this hour — waiting one more hour to confirm it's not noise.
1784685648945,1932.54,,,,,,Signal isn't clear enough (score is in the neutral zone) — sitting out this hour.
1784689244863,1929.24,,,,,,Signal isn't clear enough (score is in the neutral zone) — sitting out this hour.
1784692845782,1927.41,,,,,,Signal isn't clear enough (score is in the neutral zone) — sitting out this hour.
1784696449944,1935.43,,,,,,Signal isn't clear enough (score is in the neutral zone) — sitting out this hour.
1784700052900,1918.71,,,,,,Signal isn't clear enough (score is in the neutral zone) — sitting out this hour.
1784703654508,1916.66,,,,,,Signal isn't clear enough (score is in the neutral zone) — sitting out this hour.
1784707259072,1913.51,,,,,,Signal isn't clear enough (score is in the neutral zone) — sitting out this hour.
1784710853157,1920.2,,,,,,Signal isn't clear enough (score is in the neutral zone) — sitting out this hour.
1784714452315,1923.66,,,,,,Signal isn't clear enough (score is in the neutral zone) — sitting out this hour.
1784718050586,1929.79,,,,,,Signal isn't clear enough (score is in the neutral zone) — sitting out this hour.
1784721655500,1926.5,,,,,,Signal isn't clear enough (score is in the neutral zone) — sitting out this hour.
1784725252508,1916.18,,,,,,Signal isn't clear enough (score is in the neutral zone) — sitting out this hour.
1784728855744,1938.74,,,,,,Signal isn't clear enough (score is in the neutral zone) — sitting out this hour.
1784732450552,1932.15,,,,,,Long signal just appeared this hour — waiting one more hour to confirm it's not noise.
1784736054533,1941.95,,,,,,"Risk:reward is 0.56, below the 1.5 threshold — sitting out this hour."
1784739651653,1948.75,long,1938.1205,1915.343,1972.28675,1.5000000000000049,
1784743251442,1937.46,,,,,,"Risk:reward is 0.83, below the 1.5 threshold — sitting out this hour."
1784746849048,1929.73,,,,,,"Risk:reward is 1.14, below the 1.5 threshold — sitting out this hour."
1784750449429,1924.1,,,,,,Signal isn't clear enough (score is in the neutral zone) — sitting out this hour.
1784754057701,1925.89,,,,,,Signal isn't clear enough (score is in the neutral zone) — sitting out this hour.
1784757658182,1937.89,,,,,,Signal isn't clear enough (score is in the neutral zone) — sitting out this hour.
1784761249429,1937.5,,,,,,Long signal just appeared this hour — waiting one more hour to confirm it's not noise.
1784764856577,1933.48,,,,,,Signal isn't clear enough (score is in the neutral zone) — sitting out this hour.
1784768447693,1931.2,,,,,,Signal isn't clear enough (score is in the neutral zone) — sitting out this hour.
1784772054040,1927.59,,,,,,Signal isn't clear enough (score is in the neutral zone) — sitting out this hour.
1784775647555,1926.78,,,,,,Signal isn't clear enough (score is in the neutral zone) — sitting out this hour.
1784779249457,1919.58,,,,,,Signal isn't clear enough (score is in the neutral zone) — sitting out this hour.
1784782846795,1918.93,,,,,,Signal isn't clear enough (score is in the neutral zone) — sitting out this hour.
1784786453774,1921.84,,,,,,Signal isn't clear enough (score is in the neutral zone) — sitting out this hour.
1784790047575,1924.4,,,,,,Signal isn't clear enough (score is in the neutral zone) — sitting out this hour.
1784793658834,1914.9,,,,,,Signal isn't clear enough (score is in the neutral zone) — sitting out this hour.
1784797255520,1925.41,,,,,,Signal isn't clear enough (score is in the neutral zone) — sitting out this hour.
1784800862886,1923.13,,,,,,Signal isn't clear enough (score is in the neutral zone) — sitting out this hour.
1784804450771,1926.99,,,,,,Signal isn't clear enough (score is in the neutral zone) — sitting out this hour.
1784808054314,1924.7,,,,,,Signal isn't clear enough (score is in the neutral zone) — sitting out this hour.
1784811663635,1903.59,,,,,,Signal isn't clear enough (score is in the neutral zone) — sitting out this hour.
1784815267123,1897.78,,,,,,Signal isn't clear enough (score is in the neutral zone) — sitting out this hour.
1784818857962,1895.71,,,,,,"ADX 18.8 is below 20.0 — market looks flat/choppy, sitting out."
1784822459814,1894.68,,,,,,4H trend is bullish — skipping short to avoid fighting the higher timeframe.
1784826062766,1887.22,,,,,,4H trend is bullish — skipping short to avoid fighting the higher timeframe.
1784829649738,1877.6,,,,,,4H trend is bullish — skipping short to avoid fighting the higher timeframe.
1784833248440,1879.99,,,,,,4H trend is bullish — skipping short to avoid fighting the higher timeframe.
1784836852194,1874.67,,,,,,4H trend is bullish — skipping short to avoid fighting the higher timeframe.
1784840447980,1884.93,,,,,,4H trend is bullish — skipping short to avoid fighting the higher timeframe.
1784844057685,1881.8,,,,,,4H trend is bullish — skipping short to avoid fighting the higher timeframe.
1784847651679,1882.53,,,,,,4H trend is bullish — skipping short to avoid fighting the higher timeframe.
1784851250967,1877.45,,,,,,4H trend is bullish — skipping short to avoid fighting the higher timeframe.
1784854846220,1870.36,,,,,,4H trend is bullish — skipping short to avoid fighting the higher timeframe.
1784858447405,1871.73,,,,,,4H trend is bullish — skipping short to avoid fighting the higher timeframe.
1784862046341,1868.84,,,,,,4H trend is bullish — skipping short to avoid fighting the higher timeframe.
1784865648729,1879.6,,,,,,4H trend is bullish — skipping short to avoid fighting the higher timeframe.
1784869248672,1875.07,,,,,,4H trend is bullish — skipping short to avoid fighting the higher timeframe.
1784872855533,1879.92,,,,,,4H trend is bullish — skipping short to avoid fighting the higher timeframe.
1784876450817,1887.04,,,,,,4H trend is bullish — skipping short to avoid fighting the higher timeframe.
1784880052423,1895.15,,,,,,4H trend is bullish — skipping short to avoid fighting the higher timeframe.
1784883655313,1887.22,,,,,,Signal isn't clear enough (score is in the neutral zone) — sitting out this hour.
1784887254409,1887.23,,,,,,Short signal just appeared this hour — waiting one more hour to confirm it's not noise.
1784890870834,1882.67,,,,,,4H trend is bullish — skipping short to avoid fighting the higher timeframe.
1784894450830,1882.9,,,,,,4H trend is bullish — skipping short to avoid fighting the higher timeframe.
1784898048847,1871.78,,,,,,4H trend is bullish — skipping short to avoid fighting the higher timeframe.
1784901655306,1857.13,,,,,,4H trend is bullish — skipping short to avoid fighting the higher timeframe.
1784905250503,1862.02,,,,,,4H trend is bullish — skipping short to avoid fighting the higher timeframe.
1784908850880,1861.17,,,,,,4H trend is bullish — skipping short to avoid fighting the higher timeframe.
1784912451305,1856.57,,,,,,4H trend is bullish — skipping short to avoid fighting the higher timeframe.
1784916053894,1865.73,,,,,,4H trend is bullish — skipping short to avoid fighting the higher timeframe.
1784919648011,1861.78,,,,,,4H trend is bullish — skipping short to avoid fighting the higher timeframe.
1784923246642,1862.71,,,,,,4H trend is bullish — skipping short to avoid fighting the higher timeframe.
1784926847905,1859.95,,,,,,4H trend is bullish — skipping short to avoid fighting the higher timeframe.
1784930445542,1856.88,,,,,,4H trend is bullish — skipping short to avoid fighting the higher timeframe.
1784934143165,1858.65,,,,,,4H trend is bullish — skipping short to avoid fighting the higher timeframe.
1784937751308,1860.75,,,,,,4H trend is bullish — skipping short to avoid fighting the higher timeframe.
1784941363382,1859.5,,,,,,4H trend is bullish — skipping short to avoid fighting the higher timeframe.
1784944855219,1859.31,,,,,,4H trend is bullish — skipping short to avoid fighting the higher timeframe.
1784948444555,1858.71,,,,,,4H trend is bullish — skipping short to avoid fighting the higher timeframe.
1784952136370,1857.87,,,,,,4H trend is bullish — skipping short to avoid fighting the higher timeframe.
1784955730128,1860.5,,,,,,4H trend is bullish — skipping short to avoid fighting the higher timeframe.
1784959358299,1857.81,,,,,,4H trend is bullish — skipping short to avoid fighting the higher timeframe.
1784962852715,1857.7,,,,,,4H trend is bullish — skipping short to avoid fighting the higher timeframe.
1784966452411,1855.2,,,,,,4H trend is bullish — skipping short to avoid fighting the higher timeframe.
1784970223752,1853.1,,,,,,4H trend is bullish — skipping short to avoid fighting the higher timeframe.
1784973758549,1857.56,,,,,,4H trend is bullish — skipping short to avoid fighting the higher timeframe.
1784977354934,1857.89,,,,,,4H trend is bullish — skipping short to avoid fighting the higher timeframe.
1784980940719,1856.98,,,,,,4H trend is bullish — skipping short to avoid fighting the higher timeframe.
1784984449145,1859.33,,,,,,4H trend is bullish — skipping short to avoid fighting the higher timeframe.
1784988045637,1866.39,,,,,,Signal isn't clear enough (score is in the neutral zone) — sitting out this hour.
1784991686389,1867.89,,,,,,Signal isn't clear enough (score is in the neutral zone) — sitting out this hour.
1784995327974,1867.06,,,,,,Signal isn't clear enough (score is in the neutral zone) — sitting out this hour.
1784998930662,1867.32,,,,,,Signal isn't clear enough (score is in the neutral zone) — sitting out this hour.
1785002517200,1872.25,,,,,,Signal isn't clear enough (score is in the neutral zone) — sitting out this hour.
1785006137754,1874.54,,,,,,Signal isn't clear enough (score is in the neutral zone) — sitting out this hour.
1785009734774,1873.91,,,,,,Signal isn't clear enough (score is in the neutral zone) — sitting out this hour.
1785013245991,1871.23,,,,,,Signal isn't clear enough (score is in the neutral zone) — sitting out this hour.
1785016939696,1871.6,,,,,,Signal isn't clear enough (score is in the neutral zone) — sitting out this hour.
1785020525760,1874.84,,,,,,Signal isn't clear enough (score is in the neutral zone) — sitting out this hour.
1785024108614,1873.8,,,,,,Signal isn't clear enough (score is in the neutral zone) — sitting out this hour.
1785027728503,1880.27,,,,,,Signal isn't clear enough (score is in the neutral zone) — sitting out this hour.
1785031246741,1877.77,,,,,,Signal isn't clear enough (score is in the neutral zone) — sitting out this hour.
1785034846347,1879.86,,,,,,Signal isn't clear enough (score is in the neutral zone) — sitting out this hour.
1785038542433,1881.46,,,,,,Signal isn't clear enough (score is in the neutral zone) — sitting out this hour.
1785042127159,1885.39,,,,,,Signal isn't clear enough (score is in the neutral zone) — sitting out this hour.
1785045647891,1882.57,,,,,,Signal isn't clear enough (score is in the neutral zone) — sitting out this hour.
1785049316059,1884.07,,,,,,Long signal just appeared this hour — waiting one more hour to confirm it's not noise.
1785052847980,1880.98,long,1877.079,1868.7197142857142,1889.6179285714286,1.5,
1785056492417,1880.68,long,1876.8605,1868.6758571428572,1889.1374642857143,1.500000000000014,
1785060221517,1882.87,long,1878.9424999999999,1870.5264285714284,1891.566607142857,1.4999999999999865,
1785063644752,1885.18,long,1881.1905000000002,1872.6415714285715,1894.013892857143,1.4999999999999867,
1785067246615,1884.98,long,1881.263,1873.298,1893.2105,1.5000000000000142,
1785070847161,1885.51,long,1881.6095,1873.2512857142858,1894.1468214285715,1.5000000000000135,
1785074538679,1885.75,long,1881.6305,1872.8029999999999,1894.87175,1.4999999999999871,
1785078118442,1897.81,,,,,,"Risk:reward is 0.65, below the 1.5 threshold — sitting out this hour."
1785081643510,1913.71,,,,,,"Risk:reward is 0.74, below the 1.5 threshold — sitting out this hour."
1785085242620,1915.55,,,,,,"Risk:reward is 0.56, below the 1.5 threshold — sitting out this hour."
1785088925743,1910.44,,,,,,"Risk:reward is 0.97, below the 1.5 threshold — sitting out this hour."
1785092444589,1913.63,,,,,,"Risk:reward is 0.71, below the 1.5 threshold — sitting out this hour."
1785096144243,1913.45,,,,,,"Risk:reward is 0.69, below the 1.5 threshold — sitting out this hour."
1785099735881,1912.77,,,,,,"Risk:reward is 0.72, below the 1.5 threshold — sitting out this hour."
1785103247573,1925.19,,,,,,"Risk:reward is 0.74, below the 1.5 threshold — sitting out this hour."
1785106931782,1948.9,,,,,,"Risk:reward is 0.66, below the 1.5 threshold — sitting out this hour."
1785110447811,1953.75,,,,,,"Risk:reward is 1.16, below the 1.5 threshold — sitting out this hour."
1785114049019,1941.52,,,,,,"Risk:reward is 1.09, below the 1.5 threshold — sitting out this hour."
1785117653207,1947.49,,,,,,"Risk:reward is 0.66, below the 1.5 threshold — sitting out this hour."
1785121247854,1942.55,,,,,,"Risk:reward is 0.88, below the 1.5 threshold — sitting out this hour."
1785124942844,1948.8,,,,,,"Risk:reward is 0.55, below the 1.5 threshold — sitting out this hour."
1785128449973,1952.55,,,,,,"Risk:reward is 1.06, below the 1.5 threshold — sitting out this hour."
1785132151029,1964.34,,,,,,"Risk:reward is 0.56, below the 1.5 threshold — sitting out this hour."
1785135652304,1967.6,,,,,,"Risk:reward is 1.22, below the 1.5 threshold — sitting out this hour."
1785139250012,1963.51,,,,,,"Risk:reward is 0.66, below the 1.5 threshold — sitting out this hour."
1785142854465,1963.0,,,,,,"Risk:reward is 0.69, below the 1.5 threshold — sitting out this hour."
1785146451525,1964.23,,,,,,"Risk:reward is 0.62, below the 1.5 threshold — sitting out this hour."
1785150054677,1966.59,,,,,,"Risk:reward is 0.54, below the 1.5 threshold — sitting out this hour."
1785153656283,1958.8,,,,,,Signal isn't clear enough (score is in the neutral zone) — sitting out this hour.
1785157257019,1956.64,,,,,,Long signal just appeared this hour — waiting one more hour to confirm it's not noise.
1785160852039,1959.98,,,,,,"Risk:reward is 0.93, below the 1.5 threshold — sitting out this hour."
1785164453463,1931.45,,,,,,Signal isn't clear enough (score is in the neutral zone) — sitting out this hour.
1785168053955,1926.73,,,,,,Signal isn't clear enough (score is in the neutral zone) — sitting out this hour.
1785171656167,1939.7,,,,,,Signal isn't clear enough (score is in the neutral zone) — sitting out this hour.
1785175271067,1942.84,,,,,,Signal isn't clear enough (score is in the neutral zone) — sitting out this hour.
1785178851037,1938.27,,,,,,Signal isn't clear enough (score is in the neutral zone) — sitting out this hour.
1785182452413,1947.49,,,,,,Signal isn't clear enough (score is in the neutral zone) — sitting out this hour.
1785186057272,1945.87,,,,,,Signal isn't clear enough (score is in the neutral zone) — sitting out this hour.
1785189651563,1941.23,,,,,,Signal isn't clear enough (score is in the neutral zone) — sitting out this hour.
1785193244955,1892.63,,,,,,Signal isn't clear enough (score is in the neutral zone) — sitting out this hour.
1785196848889,1891.55,,,,,,Signal isn't clear enough (score is in the neutral zone) — sitting out this hour.
1785200450548,1877.94,,,,,,Signal isn't clear enough (score is in the neutral zone) — sitting out this hour.
1785204052567,1874.98,,,,,,Signal isn't clear enough (score is in the neutral zone) — sitting out this hour.
1785207644100,1874.85,,,,,,Signal isn't clear enough (score is in the neutral zone) — sitting out this hour.
1785211252838,1880.28,,,,,,Short signal just appeared this hour — waiting one more hour to confirm it's not noise.
1785214845404,1878.35,,,,,,4H trend is bullish — skipping short to avoid fighting the higher timeframe.
1785218456940,1882.15,,,,,,4H trend is bullish — skipping short to avoid fighting the higher timeframe.
1785222054605,1887.52,,,,,,4H trend is bullish — skipping short to avoid fighting the higher timeframe.
1785225658115,1882.76,,,,,,4H trend is bullish — skipping short to avoid fighting the higher timeframe.
1785229258134,1883.49,,,,,,4H trend is bullish — skipping short to avoid fighting the higher timeframe.
1785232852933,1875.34,,,,,,4H trend is bullish — skipping short to avoid fighting the higher timeframe.
1785236451568,1877.7,,,,,,4H trend is bullish — skipping short to avoid fighting the higher timeframe.
1785240070218,1875.78,,,,,,4H trend is bullish — skipping short to avoid fighting the higher timeframe.
1785243662531,1891.39,,,,,,4H trend is bullish — skipping short to avoid fighting the higher timeframe.
1785247256854,1872.94,,,,,,4H trend is bullish — skipping short to avoid fighting the higher timeframe.
1785250853710,1887.72,,,,,,4H trend is bullish — skipping short to avoid fighting the higher timeframe.
1785254455146,1918.89,,,,,,Signal isn't clear enough (score is in the neutral zone) — sitting out this hour.
1785258053171,1924.74,,,,,,Signal isn't clear enough (score is in the neutral zone) — sitting out this hour.
1785261647644,1900.9,,,,,,Short signal just appeared this hour — waiting one more hour to confirm it's not noise.
1785265247403,1910.32,,,,,,Signal isn't clear enough (score is in the neutral zone) — sitting out this hour.
1785268857319,1921.19,,,,,,Signal isn't clear enough (score is in the neutral zone) — sitting out this hour.
1785272449765,1917.51,,,,,,Signal isn't clear enough (score is in the neutral zone) — sitting out this hour.
1785276050894,1923.13,,,,,,Signal isn't clear enough (score is in the neutral zone) — sitting out this hour.
1785279655500,1910.86,,,,,,Signal isn't clear enough (score is in the neutral zone) — sitting out this hour.
1785283255433,1921.15,,,,,,Signal isn't clear enough (score is in the neutral zone) — sitting out this hour.
1785286844428,1916.26,,,,,,Signal isn't clear enough (score is in the neutral zone) — sitting out this hour.
1785290450368,1904.63,,,,,,"ADX 19.2 is below 20.0 — market looks flat/choppy, sitting out."
1785294047677,1910.19,,,,,,"ADX 19.1 is below 20.0 — market looks flat/choppy, sitting out."
1785297648421,1891.95,,,,,,"ADX 19.6 is below 20.0 — market looks flat/choppy, sitting out."
1785301258285,1904.56,,,,,,4H trend is bullish — skipping short to avoid fighting the higher timeframe.
1785304852778,1911.45,,,,,,Signal isn't clear enough (score is in the neutral zone) — sitting out this hour.
1785308449856,1919.18,,,,,,Signal isn't clear enough (score is in the neutral zone) — sitting out this hour.
1785312053533,1923.48,,,,,,"ADX 19.0 is below 20.0 — market looks flat/choppy, sitting out."
1785315649868,1914.23,,,,,,"ADX 18.4 is below 20.0 — market looks flat/choppy, sitting out."
1785319251800,1921.22,,,,,,"ADX 17.9 is below 20.0 — market looks flat/choppy, sitting out."
1785322848663,1910.96,,,,,,"ADX 17.8 is below 20.0 — market looks flat/choppy, sitting out."
1785326449434,1914.16,,,,,,"ADX 17.7 is below 20.0 — market looks flat/choppy, sitting out."
1785330054508,1904.32,,,,,,Signal isn't clear enough (score is in the neutral zone) — sitting out this hour.
1785333659341,1908.52,,,,,,Signal isn't clear enough (score is in the neutral zone) — sitting out this hour.
1785337264637,1894.31,,,,,,Signal isn't clear enough (score is in the neutral zone) — sitting out this hour.
1785340855292,1891.21,,,,,,Short signal just appeared this hour — waiting one more hour to confirm it's not noise.
1785344461426,1894.46,,,,,,4H trend is bullish — skipping short to avoid fighting the higher timeframe.
1785348047666,1915.45,,,,,,4H trend is bullish — skipping short to avoid fighting the higher timeframe.
1785351652961,1919.59,,,,,,4H trend is bullish — skipping short to avoid fighting the higher timeframe.
1785355248365,1887.78,,,,,,"ADX 19.3 is below 20.0 — market looks flat/choppy, sitting out."
1785358850429,1883.29,,,,,,"ADX 18.2 is below 20.0 — market looks flat/choppy, sitting out."
1785362449307,1897.73,,,,,,"ADX 17.1 is below 20.0 — market looks flat/choppy, sitting out."
1785366046679,1906.34,,,,,,"ADX 16.9 is below 20.0 — market looks flat/choppy, sitting out."
1785369658099,1909.77,,,,,,"ADX 16.9 is below 20.0 — market looks flat/choppy, sitting out."
1785373245434,1897.37,,,,,,"ADX 16.1 is below 20.0 — market looks flat/choppy, sitting out."
1785376845243,1915.99,,,,,,Signal isn't clear enough (score is in the neutral zone) — sitting out this hour.
1785380451672,1910.19,,,,,,Signal isn't clear enough (score is in the neutral zone) — sitting out this hour.
1785384054169,1909.19,,,,,,Signal isn't clear enough (score is in the neutral zone) — sitting out this hour.
1785387656941,1901.26,,,,,,Signal isn't clear enough (score is in the neutral zone) — sitting out this hour.
1785391252009,1905.51,,,,,,Signal isn't clear enough (score is in the neutral zone) — sitting out this hour.
1785394853393,1900.34,,,,,,Signal isn't clear enough (score is in the neutral zone) — sitting out this hour.
1785398450841,1902.38,,,,,,"ADX 11.8 is below 20.0 — market looks flat/choppy, sitting out."
1785402055054,1913.99,,,,,,Signal isn't clear enough (score is in the neutral zone) — sitting out this hour.
1785405657035,1917.26,,,,,,Signal isn't clear enough (score is in the neutral zone) — sitting out this hour.
1785409255050,1917.28,,,,,,"ADX 13.2 is below 20.0 — market looks flat/choppy, sitting out."
1785412850902,1922.28,,,,,,"ADX 14.2 is below 20.0 — market looks flat/choppy, sitting out."
1785416453736,1924.26,,,,,,"ADX 15.1 is below 20.0 — market looks flat/choppy, sitting out."
1785420054462,1928.79,,,,,,"ADX 16.6 is below 20.0 — market looks flat/choppy, sitting out."
1785423653779,1916.67,,,,,,"ADX 17.5 is below 20.0 — market looks flat/choppy, sitting out."
1785427251819,1918.18,,,,,,"ADX 18.3 is below 20.0 — market looks flat/choppy, sitting out."
1785430853499,1918.44,,,,,,"ADX 19.2 is below 20.0 — market looks flat/choppy, sitting out."
1785434455703,1919.84,,,,,,"Risk:reward is 0.74, below the 1.5 threshold — sitting out this hour."
1785438048126,1915.49,,,,,,"Risk:reward is 1.01, below the 1.5 threshold — sitting out this hour."
1785441652980,1922.85,,,,,,"Risk:reward is 0.59, below the 1.5 threshold — sitting out this hour."
1785445246835,1920.77,,,,,,"Risk:reward is 0.73, below the 1.5 threshold — sitting out this hour."
1785448849109,1917.84,,,,,,"Risk:reward is 0.92, below the 1.5 threshold — sitting out this hour."
1785452444713,1924.8,,,,,,"Risk:reward is 0.63, below the 1.5 threshold — sitting out this hour."
1785456050109,1917.53,,,,,,Signal isn't clear enough (score is in the neutral zone) — sitting out this hour.
1785459647124,1916.16,,,,,,Signal isn't clear enough (score is in the neutral zone) — sitting out this hour.
1785463246299,1909.59,,,,,,Signal isn't clear enough (score is in the neutral zone) — sitting out this hour.
1785466850174,1903.44,,,,,,Signal isn't clear enough (score is in the neutral zone) — sitting out this hour.
1785470456504,1907.83,,,,,,Signal isn't clear enough (score is in the neutral zone) — sitting out this hour.
1785474045501,1905.02,,,,,,Signal isn't clear enough (score is in the neutral zone) — sitting out this hour.
1785477656183,1905.39,,,,,,Signal isn't clear enough (score is in the neutral zone) — sitting out this hour.
1785481250696,1901.75,,,,,,Signal isn't clear enough (score is in the neutral zone) — sitting out this hour.
1785484848178,1889.11,,,,,,Short signal just appeared this hour — waiting one more hour to confirm it's not noise.
1785488448208,1889.55,,,,,,4H trend is bullish — skipping short to avoid fighting the higher timeframe.
1785492049247,1882.83,,,,,,4H trend is bullish — skipping short to avoid fighting the higher timeframe.
1785495655658,1886.05,,,,,,4H trend is bullish — skipping short to avoid fighting the higher timeframe.
1785499255127,1883.71,,,,,,4H trend is bullish — skipping short to avoid fighting the higher timeframe.
1785502848794,1882.02,,,,,,4H trend is bullish — skipping short to avoid fighting the higher timeframe.
1785506447919,1866.43,,,,,,4H trend is bullish — skipping short to avoid fighting the higher timeframe.
1785510057288,1859.39,,,,,,4H trend is bullish — skipping short to avoid fighting the higher timeframe.
1785513658049,1862.01,,,,,,4H trend is bullish — skipping short to avoid fighting the higher timeframe.
1785517252396,1863.8,,,,,,4H trend is bullish — skipping short to avoid fighting the higher timeframe.
1785520849054,1874.06,,,,,,4H trend is bullish — skipping short to avoid fighting the higher timeframe.
1785524447334,1870.91,,,,,,4H trend is bullish — skipping short to avoid fighting the higher timeframe.
1785528183451,1867.3,,,,,,"Risk:reward is 0.69, below the 1.5 threshold — sitting out this hour."
1785531661312,1861.42,short,1870.3045,1889.3427142857142,1841.7471785714285,1.5,
1785535268599,1860.94,,,,,,"Risk:reward is 0.47, below the 1.5 threshold — sitting out this hour."
1785538941282,1860.51,,,,,,"Risk:reward is 1.19, below the 1.5 threshold — sitting out this hour."
1785542531363,1861.69,,,,,,"Risk:reward is 0.54, below the 1.5 threshold — sitting out this hour."
1785546181811,1863.99,,,,,,"Risk:reward is 0.68, below the 1.5 threshold — sitting out this hour."
1785549764659,1865.96,,,,,,"Risk:reward is 0.79, below the 1.5 threshold — sitting out this hour."
1785553250013,1867.18,,,,,,"Risk:reward is 0.86, below the 1.5 threshold — sitting out this hour."
1785556952724,1868.99,,,,,,"Risk:reward is 1.06, below the 1.5 threshold — sitting out this hour."
1785560548339,1868.68,,,,,,"Risk:reward is 1.14, below the 1.5 threshold — sitting out this hour."
1785564133927,1866.65,,,,,,"Risk:reward is 0.99, below the 1.5 threshold — sitting out this hour."
1785567648717,1869.49,,,,,,"Risk:reward is 1.30, below the 1.5 threshold — sitting out this hour."
1785571249928,1868.94,,,,,,"Risk:reward is 1.35, below the 1.5 threshold — sitting out this hour."
1785574850144,1868.35,,,,,,"Risk:reward is 1.39, below the 1.5 threshold — sitting out this hour."
1785578608881,1867.16,,,,,,"Risk:reward is 1.30, below the 1.5 threshold — sitting out this hour."
1785582047818,1866.41,,,,,,"Risk:reward is 1.26, below the 1.5 threshold — sitting out this hour."
1785585731048,1866.15,,,,,,"Risk:reward is 1.28, below the 1.5 threshold — sitting out this hour."
1785589369625,1868.16,short,1870.8075000000001,1876.4807142857144,1861.1442857142858,1.7033050047214393,
1785592949436,1868.32,short,1870.868,1876.328,1861.1442857142858,1.780900052328577,
1785596453025,1874.2,short,1876.78,1882.3085714285714,1861.1442857142858,2.8281653746769546,
1785600057052,1869.14,short,1871.8475,1877.6492857142857,1861.1442857142858,1.8448137888581249,
1785603769131,1867.99,short,1870.9,1877.1357142857144,1861.1442857142858,1.5644902634593345,
1785607374059,1861.17,,,,,,"Risk:reward is 0.55, below the 1.5 threshold — sitting out this hour."
1785610846646,1835.73,short,1841.056,1852.4688571428571,1820.77,1.7774690199023788,
1785614527464,1836.23,,,,,,"Risk:reward is 0.75, below the 1.5 threshold — sitting out this hour."
1785618158168,1837.32,,,,,,"Risk:reward is 0.90, below the 1.5 threshold — sitting out this hour."
1785621833614,1844.82,,,,,,"Risk:reward is 1.39, below the 1.5 threshold — sitting out this hour."
1785625390599,1846.43,,,,,,"Risk:reward is 0.52, below the 1.5 threshold — sitting out this hour."
1785628970771,1844.06,,,,,,"Risk:reward is 1.30, below the 1.5 threshold — sitting out this hour."
1785632589503,1845.87,,,,,,"Risk:reward is 0.59, below the 1.5 threshold — sitting out this hour."
1785636128645,1856.01,,,,,,"Risk:reward is 1.27, below the 1.5 threshold — sitting out this hour."
1785639648581,1875.99,,,,,,Signal isn't clear enough (score is in the neutral zone) — sitting out this hour.
1785643430726,1876.53,,,,,,Signal isn't clear enough (score is in the neutral zone) — sitting out this hour.
1785647097302,1880.0,,,,,,Signal isn't clear enough (score is in the neutral zone) — sitting out this hour.
1785650882460,1875.56,,,,,,Signal isn't clear enough (score is in the neutral zone) — sitting out this hour.
1785654052691,1876.81,,,,,,Signal isn't clear enough (score is in the neutral zone) — sitting out this hour.
1785657652718,1875.35,,,,,,Signal isn't clear enough (score is in the neutral zone) — sitting out this hour.
1785661249974,1867.33,,,,,,Signal isn't clear enough (score is in the neutral zone) — sitting out this hour.
1785664851972,1869.99,,,,,,Signal isn't clear enough (score is in the neutral zone) — sitting out this hour.
1785668448728,1867.54,,,,,,Signal isn't clear enough (score is in the neutral zone) — sitting out this hour.
1785672098573,1851.9,,,,,,Short signal just appeared this hour — waiting one more hour to confirm it's not noise.
1785675651454,1855.84,,,,,,"Risk:reward is 0.79, below the 1.5 threshold — sitting out this hour."
1785679257711,1854.0,,,,,,"Risk:reward is 0.70, below the 1.5 threshold — sitting out this hour."
1785682921372,1854.01,,,,,,"Risk:reward is 0.74, below the 1.5 threshold — sitting out this hour."
1785686572038,1857.87,,,,,,"Risk:reward is 1.05, below the 1.5 threshold — sitting out this hour."
1785690043847,1862.16,,,,,,"Risk:reward is 1.49, below the 1.5 threshold — sitting out this hour."
1785693647167,1867.72,,,,,,Signal isn't clear enough (score is in the neutral zone) — sitting out this hour.
1785697251966,1875.25,,,,,,Signal isn't clear enough (score is in the neutral zone) — sitting out this hour.
1785700849666,1881.3,,,,,,Signal isn't clear enough (score is in the neutral zone) — sitting out this hour.
1785704453772,1882.77,,,,,,Signal isn't clear enough (score is in the neutral zone) — sitting out this hour.
1785708050375,1889.55,,,,,,Signal isn't clear enough (score is in the neutral zone) — sitting out this hour.
1785711654009,1881.12,,,,,,Signal isn't clear enough (score is in the neutral zone) — sitting out this hour.
1785715251421,1884.16,,,,,,Long signal just appeared this hour — waiting one more hour to confirm it's not noise.
1785718850929,1873.17,,,,,,4H trend is bearish — skipping long to avoid fighting the higher timeframe.
1785722456275,1866.09,,,,,,4H trend is bearish — skipping long to avoid fighting the higher timeframe.
1785726053456,1863.2,,,,,,Signal isn't clear enough (score is in the neutral zone) — sitting out this hour.
1785729650032,1856.06,,,,,,Short signal just appeared this hour — waiting one more hour to confirm it's not noise.
1785733252206,1853.99,,,,,,"ADX 19.8 is below 20.0 — market looks flat/choppy, sitting out."
1785736910236,1858.88,,,,,,"ADX 19.4 is below 20.0 — market looks flat/choppy, sitting out."
1785740453736,1848.45,,,,,,"ADX 19.7 is below 20.0 — market looks flat/choppy, sitting out."
1785744060617,1843.0,short,1851.5985,1870.0238571428572,1820.77,1.6731561706499243,
1785747655475,1839.58,short,1848.0739999999998,1866.2754285714284,1820.77,1.500102032807466,
1785751255331,1851.56,,,,,,"Risk:reward is 1.03, below the 1.5 threshold — sitting out this hour."
1785754852662,1845.54,,,,,,"Risk:reward is 0.70, below the 1.5 threshold — sitting out this hour."
1785758455609,1838.86,short,1847.7005,1866.6444285714285,1819.284607142857,1.499999999999994,
1785762048937,1842.71,,,,,,"Risk:reward is 0.48, below the 1.5 threshold — sitting out this hour."
1785765648666,1858.34,,,,,,"Risk:reward is 1.28, below the 1.5 threshold — sitting out this hour."
1785769248761,1872.79,,,,,,Signal isn't clear enough (score is in the neutral zone) — sitting out this hour.
1785772849520,1862.61,,,,,,Signal isn't clear enough (score is in the neutral zone) — sitting out this hour.
1785776456368,1865.3,,,,,,Signal isn't clear enough (score is in the neutral zone) — sitting out this hour.
1785780051395,1867.88,,,,,,Signal isn't clear enough (score is in the neutral zone) — sitting out this hour.
1785783649208,1867.93,,,,,,Signal isn't clear enough (score is in the neutral zone) — sitting out this hour.
1785787256020,1869.0,,,,,,Signal isn't clear enough (score is in the neutral zone) — sitting out this hour.
1785790856784,1868.0,,,,,,Signal isn't clear enough (score is in the neutral zone) — sitting out this hour.
1785794456709,1862.8,,,,,,Signal isn't clear enough (score is in the neutral zone) — sitting out this hour.
1785798045996,1859.41,,,,,,"ADX 17.7 is below 20.0 — market looks flat/choppy, sitting out."
1785801653627,1859.77,,,,,,Signal isn't clear enough (score is in the neutral zone) — sitting out this hour.
1785805252991,1850.32,,,,,,"ADX 17.4 is below 20.0 — market looks flat/choppy, sitting out."
1785808853505,1866.59,,,,,,Signal isn't clear enough (score is in the neutral zone) — sitting out this hour.
1785812450190,1865.22,,,,,,Signal isn't clear enough (score is in the neutral zone) — sitting out this hour.
1785816049727,1863.4,,,,,,Signal isn't clear enough (score is in the neutral zone) — sitting out this hour.
1785819646403,1867.06,,,,,,Signal isn't clear enough (score is in the neutral zone) — sitting out this hour.
1785823248154,1863.91,,,,,,Signal isn't clear enough (score is in the neutral zone) — sitting out this hour.
1785826848917,1856.55,,,,,,"ADX 13.6 is below 20.0 — market looks flat/choppy, sitting out."
1785830458328,1862.95,,,,,,"ADX 13.7 is below 20.0 — market looks flat/choppy, sitting out."
1785834059465,1857.09,,,,,,"ADX 13.5 is below 20.0 — market looks flat/choppy, sitting out."
1785837649501,1858.15,,,,,,"ADX 13.7 is below 20.0 — market looks flat/choppy, sitting out."
1785841257000,1865.89,,,,,,"ADX 13.2 is below 20.0 — market looks flat/choppy, sitting out."
1785844853964,1871.77,,,,,,Signal isn't clear enough (score is in the neutral zone) — sitting out this hour.
1785848452343,1874.08,,,,,,"ADX 13.5 is below 20.0 — market looks flat/choppy, sitting out."
1785852050918,1860.99,,,,,,"ADX 12.9 is below 20.0 — market looks flat/choppy, sitting out."
1785855656801,1871.94,,,,,,"ADX 12.3 is below 20.0 — market looks flat/choppy, sitting out."
1785859256493,1871.99,,,,,,"ADX 12.0 is below 20.0 — market looks flat/choppy, sitting out."
1785862859959,1868.86,,,,,,"ADX 11.7 is below 20.0 — market looks flat/choppy, sitting out."
1785866448699,1868.73,,,,,,"ADX 11.9 is below 20.0 — market looks flat/choppy, sitting out."
1785870050895,1874.3,,,,,,"ADX 12.4 is below 20.0 — market looks flat/choppy, sitting out."
1785873770291,1874.08,,,,,,"ADX 12.9 is below 20.0 — market looks flat/choppy, sitting out."
1785877380868,1875.5,,,,,,"ADX 12.3 is below 20.0 — market looks flat/choppy, sitting out."
1785880987238,1871.13,,,,,,"ADX 11.7 is below 20.0 — market looks flat/choppy, sitting out."
1785884444622,1874.76,,,,,,"ADX 11.0 is below 20.0 — market looks flat/choppy, sitting out."
1785888061181,1868.76,,,,,,"ADX 10.6 is below 20.0 — market looks flat/choppy, sitting out."
1785891654845,1863.2,,,,,,Signal isn't clear enough (score is in the neutral zone) — sitting out this hour.
1785895252530,1872.44,,,,,,Signal isn't clear enough (score is in the neutral zone) — sitting out this hour.
1785898858277,1873.49,,,,,,Signal isn't clear enough (score is in the neutral zone) — sitting out this hour.
1785902451090,1867.07,,,,,,Signal isn't clear enough (score is in the neutral zone) — sitting out this hour.
1785906051487,1866.52,,,,,,Signal isn't clear enough (score is in the neutral zone) — sitting out this hour.
1785909785536,1872.48,,,,,,Signal isn't clear enough (score is in the neutral zone) — sitting out this hour.
1785913256312,1869.1,,,,,,Signal isn't clear enough (score is in the neutral zone) — sitting out this hour.
1785916855422,1872.12,,,,,,Signal isn't clear enough (score is in the neutral zone) — sitting out this hour.
1785920446888,1868.76,,,,,,Signal isn't clear enough (score is in the neutral zone) — sitting out this hour.
1785924051018,1870.76,,,,,,Signal isn't clear enough (score is in the neutral zone) — sitting out this hour.
1785927657473,1867.49,,,,,,Signal isn't clear enough (score is in the neutral zone) — sitting out this hour.
1785931252711,1868.07,,,,,,Signal isn't clear enough (score is in the neutral zone) — sitting out this hour.
1785934850188,1875.01,,,,,,Signal isn't clear enough (score is in the neutral zone) — sitting out this hour.
1785938453262,1877.84,,,,,,"ADX 8.9 is below 20.0 — market looks flat/choppy, sitting out."
1785942049419,1874.8,,,,,,"ADX 8.3 is below 20.0 — market looks flat/choppy, sitting out."
1785945649043,1872.81,,,,,,"ADX 7.7 is below 20.0 — market looks flat/choppy, sitting out."
1785949250680,1894.89,,,,,,"ADX 8.7 is below 20.0 — market looks flat/choppy, sitting out."
1785952848466,1916.13,,,,,,"ADX 11.1 is below 20.0 — market looks flat/choppy, sitting out."
1785956446008,1917.23,,,,,,"ADX 13.7 is below 20.0 — market looks flat/choppy, sitting out."
1785960057451,1916.08,,,,,,"ADX 16.2 is below 20.0 — market looks flat/choppy, sitting out."
1785963645156,1916.31,,,,,,"ADX 18.6 is below 20.0 — market looks flat/choppy, sitting out."
1785967247014,1908.03,,,,,,"ADX 19.7 is below 20.0 — market looks flat/choppy, sitting out."
1785970848680,1906.1,,,,,,4H trend is bearish — skipping long to avoid fighting the higher timeframe.
1785974454071,1907.99,,,,,,4H trend is bearish — skipping long to avoid fighting the higher timeframe.
1785978048088,1909.58,,,,,,4H trend is bearish — skipping long to avoid fighting the higher timeframe.
1785981654250,1906.15,,,,,,4H trend is bearish — skipping long to avoid fighting the higher timeframe.
1785985247886,1898.5,,,,,,4H trend is bearish — skipping long to avoid fighting the higher timeframe.
1785988847083,1898.13,,,,,,Signal isn't clear enough (score is in the neutral zone) — sitting out this hour.
1785992454081,1906.85,,,,,,Signal isn't clear enough (score is in the neutral zone) — sitting out this hour.
1785996049311,1913.45,,,,,,Signal isn't clear enough (score is in the neutral zone) — sitting out this hour.
1785999649946,1912.66,,,,,,Signal isn't clear enough (score is in the neutral zone) — sitting out this hour.
1786003249695,1908.54,,,,,,Signal isn't clear enough (score is in the neutral zone) — sitting out this hour.
1786006853748,1915.33,,,,,,Signal isn't clear enough (score is in the neutral zone) — sitting out this hour.
1786010449094,1907.01,,,,,,Signal isn't clear enough (score is in the neutral zone) — sitting out this hour.
1786014047380,1901.98,,,,,,Signal isn't clear enough (score is in the neutral zone) — sitting out this hour.
1786017647590,1906.91,,,,,,Signal isn't clear enough (score is in the neutral zone) — sitting out this hour.
1786021251730,1898.23,,,,,,Signal isn't clear enough (score is in the neutral zone) — sitting out this hour.
1786024848494,1906.49,,,,,,Signal isn't clear enough (score is in the neutral zone) — sitting out this hour.
1786028448056,1914.0,,,,,,Signal isn't clear enough (score is in the neutral zone) — sitting out this hour.
1786057617577,1904.16,,,,,,Signal isn't clear enough (score is in the neutral zone) — sitting out this hour.
1786060854673,1903.35,,,,,,Signal isn't clear enough (score is in the neutral zone) — sitting out this hour.
1786064455148,1903.06,,,,,,Signal isn't clear enough (score is in the neutral zone) — sitting out this hour.
1786068050195,1902.61,,,,,,Signal isn't clear enough (score is in the neutral zone) — sitting out this hour.
1786071651532,1902.0,,,,,,Signal isn't clear enough (score is in the neutral zone) — sitting out this hour.
1786075255253,1896.78,,,,,,Signal isn't clear enough (score is in the neutral zone) — sitting out this hour.
1786078857126,1896.65,,,,,,Signal isn't clear enough (score is in the neutral zone) — sitting out this hour.
1786082452372,1900.7,,,,,,Signal isn't clear enough (score is in the neutral zone) — sitting out this hour.
1786086049781,1903.69,,,,,,Signal isn't clear enough (score is in the neutral zone) — sitting out this hour.
1786089650448,1901.61,,,,,,Signal isn't clear enough (score is in the neutral zone) — sitting out this hour.
1786093250952,1909.75,,,,,,Signal isn't clear enough (score is in the neutral zone) — sitting out this hour.
1786096850367,1912.48,,,,,,"ADX 12.8 is below 20.0 — market looks flat/choppy, sitting out."
1786100448352,1911.93,,,,,,"ADX 13.6 is below 20.0 — market looks flat/choppy, sitting out."
1786104048452,1915.58,,,,,,"ADX 15.1 is below 20.0 — market looks flat/choppy, sitting out."
1786107652945,1931.15,,,,,,"ADX 18.2 is below 20.0 — market looks flat/choppy, sitting out."
1786111250609,1922.61,,,,,,"Risk:reward is 1.25, below the 1.5 threshold — sitting out this hour."
1786114861356,1912.8,,,,,,"Risk:reward is 0.80, below the 1.5 threshold — sitting out this hour."
1786118462611,1917.14,,,,,,"Risk:reward is 0.55, below the 1.5 threshold — sitting out this hour."
1786122055256,1908.71,,,,,,"Risk:reward is 1.12, below the 1.5 threshold — sitting out this hour."
1786125652772,1911.67,,,,,,"Risk:reward is 0.93, below the 1.5 threshold — sitting out this hour."
1786129249920,1909.04,,,,,,Signal isn't clear enough (score is in the neutral zone) — sitting out this hour.
1786132848713,1917.87,,,,,,Signal isn't clear enough (score is in the neutral zone) — sitting out this hour.
1786136448275,1913.93,,,,,,Signal isn't clear enough (score is in the neutral zone) — sitting out this hour.
1786140051841,1915.73,,,,,,Signal isn't clear enough (score is in the neutral zone) — sitting out this hour.
1786143646293,1913.96,,,,,,Signal isn't clear enough (score is in the neutral zone) — sitting out this hour.
1786147258554,1912.97,,,,,,Signal isn't clear enough (score is in the neutral zone) — sitting out this hour.
1786150860331,1913.66,,,,,,Signal isn't clear enough (score is in the neutral zone) — sitting out this hour.
1786154457727,1914.04,,,,,,Signal isn't clear enough (score is in the neutral zone) — sitting out this hour.
1786158048884,1912.34,,,,,,Signal isn't clear enough (score is in the neutral zone) — sitting out this hour.
1786161647694,1917.0,,,,,,Signal isn't clear enough (score is in the neutral zone) — sitting out this hour.
1786165244669,1916.09,,,,,,Signal isn't clear enough (score is in the neutral zone) — sitting out this hour.
1786168848801,1916.66,,,,,,Signal isn't clear enough (score is in the neutral zone) — sitting out this hour.
1786172452022,1915.72,,,,,,Signal isn't clear enough (score is in the neutral zone) — sitting out this hour.
1786176057570,1914.4,,,,,,Signal isn't clear enough (score is in the neutral zone) — sitting out this hour.
1786179654820,1916.13,,,,,,Signal isn't clear enough (score is in the neutral zone) — sitting out this hour.
1786183254470,1917.81,,,,,,Signal isn't clear enough (score is in the neutral zone) — sitting out this hour.
1786186855845,1920.14,,,,,,Long signal just appeared this hour — waiting one more hour to confirm it's not noise.
1786190447386,1919.75,,,,,,"Risk:reward is 0.74, below the 1.5 threshold — sitting out this hour."
1786194046270,1918.21,,,,,,"Risk:reward is 1.07, below the 1.5 threshold — sitting out this hour."
1786197654172,1919.27,,,,,,"Risk:reward is 0.89, below the 1.5 threshold — sitting out this hour."
1786201255363,1922.86,long,1920.1634999999999,1914.3852857142856,1933.99,2.3928672971135643,
1786204850564,1921.77,,,,,,"Risk:reward is 0.58, below the 1.5 threshold — sitting out this hour."
1786208450499,1921.61,,,,,,"Risk:reward is 0.66, below the 1.5 threshold — sitting out this hour."
1786212057526,1922.89,,,,,,"Risk:reward is 0.52, below the 1.5 threshold — sitting out this hour."
1786215649900,1920.44,,,,,,"Risk:reward is 0.96, below the 1.5 threshold — sitting out this hour."
1786219245863,1919.51,,,,,,Signal isn't clear enough (score is in the neutral zone) — sitting out this hour.
1786222848191,1919.4,,,,,,Signal isn't clear enough (score is in the neutral zone) — sitting out this hour.
1786226456055,1920.0,,,,,,Signal isn't clear enough (score is in the neutral zone) — sitting out this hour.
1786230047624,1915.94,,,,,,Signal isn't clear enough (score is in the neutral zone) — sitting out this hour.
1786233661890,1916.29,,,,,,Signal isn't clear enough (score is in the neutral zone) — sitting out this hour.
1786237249450,1917.16,,,,,,Signal isn't clear enough (score is in the neutral zone) — sitting out this hour.
1786240848800,1915.46,,,,,,Signal isn't clear enough (score is in the neutral zone) — sitting out this hour.
1786244450751,1914.23,,,,,,Signal isn't clear enough (score is in the neutral zone) — sitting out this hour.
1786248051061,1913.29,,,,,,Signal isn't clear enough (score is in the neutral zone) — sitting out this hour.
1786251648934,1912.66,,,,,,Signal isn't clear enough (score is in the neutral zone) — sitting out this hour.
1786255249813,1913.92,,,,,,Signal isn't clear enough (score is in the neutral zone) — sitting out this hour.
1786258850919,1918.37,,,,,,Signal isn't clear enough (score is in the neutral zone) — sitting out this hour.
1786262450130,1918.19,,,,,,Signal isn't clear enough (score is in the neutral zone) — sitting out this hour.
1786266049197,1915.31,,,,,,Signal isn't clear enough (score is in the neutral zone) — sitting out this hour.
1786269649370,1920.65,,,,,,Signal isn't clear enough (score is in the neutral zone) — sitting out this hour.
1786273248121,1919.19,,,,,,Long signal just appeared this hour — waiting one more hour to confirm it's not noise.
1786276850386,1918.4,,,,,,"Risk:reward is 1.13, below the 1.5 threshold — sitting out this hour."
1786280451679,1916.91,,,,,,"Risk:reward is 1.38, below the 1.5 threshold — sitting out this hour."
1786284055008,1922.38,,,,,,"Risk:reward is 0.57, below the 1.5 threshold — sitting out this hour."
1786287651068,1924.16,long,1920.7415,1913.4161428571429,1931.729535714286,1.5,
1786291254080,1925.56,long,1922.315,1915.3614285714286,1932.7453571428573,1.5000000000000164,
1786294852777,1923.21,,,,,,"Risk:reward is 0.59, below the 1.5 threshold — sitting out this hour."
1786298449205,1922.18,,,,,,"Risk:reward is 0.76, below the 1.5 threshold — sitting out this hour."
1786302048796,1920.61,,,,,,"Risk:reward is 0.98, below the 1.5 threshold — sitting out this hour."
1786305648729,1921.09,,,,,,"Risk:reward is 0.92, below the 1.5 threshold — sitting out this hour."
1786309247052,1920.0,,,,,,"Risk:reward is 1.08, below the 1.5 threshold — sitting out this hour."
1786312853358,1923.81,,,,,,"Risk:reward is 0.57, below the 1.5 threshold — sitting out this hour."
1786316450432,1918.91,,,,,,Signal isn't clear enough (score is in the neutral zone) — sitting out this hour.
1786320055827,1910.01,,,,,,Signal isn't clear enough (score is in the neutral zone) — sitting out this hour.
1786323649651,1912.0,,,,,,Signal isn't clear enough (score is in the neutral zone) — sitting out this hour.
1786327258090,1924.48,,,,,,Signal isn't clear enough (score is in the neutral zone) — sitting out this hour.
1786330851695,1922.65,,,,,,Signal isn't clear enough (score is in the neutral zone) — sitting out this hour.
1786334450445,1916.69,,,,,,Signal isn't clear enough (score is in the neutral zone) — sitting out this hour.
1786338049191,1914.98,,,,,,Signal isn't clear enough (score is in the neutral zone) — sitting out this hour.
1786341649339,1922.36,,,,,,Signal isn't clear enough (score is in the neutral zone) — sitting out this hour.
1786345253825,1927.0,,,,,,Long signal just appeared this hour — waiting one more hour to confirm it's not noise.
1786348848213,1924.5,,,,,,"Risk:reward is 0.59, below the 1.5 threshold — sitting out this hour."
1786352458714,1925.91,,,,,,"Risk:reward is 0.53, below the 1.5 threshold — sitting out this hour."
1786356051751,1915.7,,,,,,"Risk:reward is 0.86, below the 1.5 threshold — sitting out this hour."
1786359648769,1916.99,,,,,,Signal isn't clear enough (score is in the neutral zone) — sitting out this hour.
1786363251866,1919.74,,,,,,Signal isn't clear enough (score is in the neutral zone) — sitting out this hour.
1786366850139,1905.38,,,,,,Signal isn't clear enough (score is in the neutral zone) — sitting out this hour.
1786370452055,1897.0,,,,,,Short signal just appeared this hour — waiting one more hour to confirm it's not noise.
1786374055019,1892.81,,,,,,4H trend is bullish — skipping short to avoid fighting the higher timeframe.
1786377653136,1876.13,,,,,,4H trend is bullish — skipping short to avoid fighting the higher timeframe.
1786381255634,1871.6,,,,,,4H trend is bullish — skipping short to avoid fighting the higher timeframe.
1786384848549,1873.11,,,,,,4H trend is bullish — skipping short to avoid fighting the higher timeframe.
1786388454016,1872.01,,,,,,4H trend is bullish — skipping short to avoid fighting the higher timeframe.
1786392049083,1877.58,,,,,,4H trend is bullish — skipping short to avoid fighting the higher timeframe.
1786395647686,1878.98,,,,,,4H trend is bullish — skipping short to avoid fighting the higher timeframe.
1786399255443,1873.74,,,,,,4H trend is bullish — skipping short to avoid fighting the higher timeframe.
1786402850536,1875.57,,,,,,4H trend is bullish — skipping short to avoid fighting the higher timeframe.
1786406453138,1872.29,,,,,,4H trend is bullish — skipping short to avoid fighting the higher timeframe.
1786410057045,1874.46,,,,,,4H trend is bullish — skipping short to avoid fighting the higher timeframe.
1786413656999,1877.2,,,,,,4H trend is bullish — skipping short to avoid fighting the higher timeframe.
1786417247273,1877.66,,,,,,4H trend is bullish — skipping short to avoid fighting the higher timeframe.
1786420857505,1880.06,,,,,,4H trend is bullish — skipping short to avoid fighting the higher timeframe.
1786424451267,1875.41,,,,,,4H trend is bullish — skipping short to avoid fighting the higher timeframe.
1786428049732,1873.37,,,,,,4H trend is bullish — skipping short to avoid fighting the higher timeframe.
1786431647574,1873.73,,,,,,4H trend is bullish — skipping short to avoid fighting the higher timeframe.
1786435255734,1876.92,,,,,,4H trend is bullish — skipping short to avoid fighting the higher timeframe.
1786438851622,1878.33,,,,,,4H trend is bullish — skipping short to avoid fighting the higher timeframe.
1786442461057,1884.53,,,,,,4H trend is bullish — skipping short to avoid fighting the higher timeframe.
1786446057528,1885.22,,,,,,4H trend is bullish — skipping short to avoid fighting the higher timeframe.
1786449654714,1892.2,,,,,,Signal isn't clear enough (score is in the neutral zone) — sitting out this hour.
1786453249300,1887.0,,,,,,Short signal just appeared this hour — waiting one more hour to confirm it's not noise.
1786456864677,1889.23,,,,,,4H trend is bullish — skipping short to avoid fighting the higher timeframe.
1786460452218,1873.02,,,,,,4H trend is bullish — skipping short to avoid fighting the higher timeframe.
1786464052780,1862.07,,,,,,"Risk:reward is 1.18, below the 1.5 threshold — sitting out this hour."
1786467652592,1864.26,,,,,,"Risk:reward is 0.84, below the 1.5 threshold — sitting out this hour."
1786471252725,1864.0,,,,,,"Risk:reward is 1.27, below the 1.5 threshold — sitting out this hour."
1786474851660,1865.31,,,,,,"Risk:reward is 1.36, below the 1.5 threshold — sitting out this hour."
1786478458737,1881.01,,,,,,"Risk:reward is 1.33, below the 1.5 threshold — sitting out this hour."
1786482051461,1881.44,,,,,,"Risk:reward is 1.35, below the 1.5 threshold — sitting out this hour."
1786485652854,1883.73,,,,,,Signal isn't clear enough (score is in the neutral zone) — sitting out this hour.
1786489248053,1881.38,,,,,,Signal isn't clear enough (score is in the neutral zone) — sitting out this hour.
1786492860438,1881.7,,,,,,Signal isn't clear enough (score is in the neutral zone) — sitting out this hour.
1786496459322,1881.67,,,,,,Signal isn't clear enough (score is in the neutral zone) — sitting out this hour.
1786500052752,1883.86,,,,,,Signal isn't clear enough (score is in the neutral zone) — sitting out this hour.
1786503648424,1883.69,,,,,,Signal isn't clear enough (score is in the neutral zone) — sitting out this hour.
1786507249726,1885.97,,,,,,Signal isn't clear enough (score is in the neutral zone) — sitting out this hour.
1786510851312,1888.6,,,,,,Signal isn't clear enough (score is in the neutral zone) — sitting out this hour.
1786514453698,1890.9,,,,,,Signal isn't clear enough (score is in the neutral zone) — sitting out this hour.
1786518051786,1887.01,,,,,,Signal isn't clear enough (score is in the neutral zone) — sitting out this hour.
1786521657668,1890.72,,,,,,Signal isn't clear enough (score is in the neutral zone) — sitting out this hour.
1786525256483,1889.98,,,,,,Signal isn't clear enough (score is in the neutral zone) — sitting out this hour.
1786528854337,1905.0,,,,,,Signal isn't clear enough (score is in the neutral zone) — sitting out this hour.
1786532453599,1908.31,,,,,,Signal isn't clear enough (score is in the neutral zone) — sitting out this hour.
1786536059419,1914.7,,,,,,Long signal just appeared this hour — waiting one more hour to confirm it's not noise.
1786539656452,1910.68,,,,,,4H trend is bearish — skipping long to avoid fighting the higher timeframe.
1786543253631,1900.5,,,,,,4H trend is bearish — skipping long to avoid fighting the higher timeframe.
1786546848718,1887.0,,,,,,4H trend is bearish — skipping long to avoid fighting the higher timeframe.
1786550450242,1891.93,,,,,,4H trend is bearish — skipping long to avoid fighting the higher timeframe.
1786554050272,1890.1,,,,,,Signal isn't clear enough (score is in the neutral zone) — sitting out this hour.
1786557653133,1887.57,,,,,,Signal isn't clear enough (score is in the neutral zone) — sitting out this hour.
1786561250983,1885.0,,,,,,Signal isn't clear enough (score is in the neutral zone) — sitting out this hour.
1786564852476,1878.84,,,,,,Short signal just appeared this hour — waiting one more hour to confirm it's not noise.
1786568454277,1886.08,,,,,,"Risk:reward is 1.17, below the 1.5 threshold — sitting out this hour."
1786572053825,1877.39,,,,,,"ADX 19.6 is below 20.0 — market looks flat/choppy, sitting out."
1786575651982,1877.71,,,,,,"ADX 19.3 is below 20.0 — market looks flat/choppy, sitting out."
1786579260462,1878.99,,,,,,"ADX 19.0 is below 20.0 — market looks flat/choppy, sitting out."
1786582851341,1879.39,,,,,,"ADX 18.0 is below 20.0 — market looks flat/choppy, sitting out."
1786586453908,1877.32,,,,,,"ADX 17.4 is below 20.0 — market looks flat/choppy, sitting out."
1786590051438,1881.08,,,,,,"ADX 17.1 is below 20.0 — market looks flat/choppy, sitting out."
1786593651395,1886.59,,,,,,"ADX 15.9 is below 20.0 — market looks flat/choppy, sitting out."
1786597249241,1891.54,,,,,,"ADX 15.6 is below 20.0 — market looks flat/choppy, sitting out."
1786600849283,1894.8,,,,,,Signal isn't clear enough (score is in the neutral zone) — sitting out this hour.
1786604451703,1897.75,,,,,,Signal isn't clear enough (score is in the neutral zone) — sitting out this hour.
1786608051039,1894.54,,,,,,Signal isn't clear enough (score is in the neutral zone) — sitting out this hour.
1786611650997,1889.2,,,,,,Signal isn't clear enough (score is in the neutral zone) — sitting out this hour.
1786615254465,1889.01,,,,,,"ADX 14.9 is below 20.0 — market looks flat/choppy, sitting out."
1786618851139,1882.58,,,,,,"ADX 14.4 is below 20.0 — market looks flat/choppy, sitting out."
1786622451357,1879.79,,,,,,"ADX 14.9 is below 20.0 — market looks flat/choppy, sitting out."
1786626053378,1888.11,,,,,,"ADX 14.2 is below 20.0 — market looks flat/choppy, sitting out."
1786629651332,1889.67,,,,,,"ADX 13.4 is below 20.0 — market looks flat/choppy, sitting out."
1786633251958,1892.63,,,,,,Signal isn't clear enough (score is in the neutral zone) — sitting out this hour.
1786636854133,1879.28,,,,,,"ADX 12.7 is below 20.0 — market looks flat/choppy, sitting out."
1786640454922,1874.24,,,,,,"ADX 13.9 is below 20.0 — market looks flat/choppy, sitting out."
1786644051000,1876.28,,,,,,"ADX 15.1 is below 20.0 — market looks flat/choppy, sitting out."
1786647647159,1884.85,,,,,,"ADX 15.2 is below 20.0 — market looks flat/choppy, sitting out."
1786651248729,1886.81,,,,,,"ADX 14.8 is below 20.0 — market looks flat/choppy, sitting out."
1786654848442,1885.56,,,,,,"ADX 14.4 is below 20.0 — market looks flat/choppy, sitting out."
1786658450969,1888.02,,,,,,Signal isn't clear enough (score is in the neutral zone) — sitting out this hour.
1786662049644,1888.59,,,,,,Signal isn't clear enough (score is in the neutral zone) — sitting out this hour.
1786665656210,1885.38,,,,,,Signal isn't clear enough (score is in the neutral zone) — sitting out this hour.
1786669249723,1888.63,,,,,,Signal isn't clear enough (score is in the neutral zone) — sitting out this hour.
1786672847004,1888.63,,,,,,Signal isn't clear enough (score is in the neutral zone) — sitting out this hour.
1786676448591,1885.93,,,,,,Signal isn't clear enough (score is in the neutral zone) — sitting out this hour.
1786680049246,1882.41,,,,,,"ADX 12.4 is below 20.0 — market looks flat/choppy, sitting out."
1786683655934,1884.2,,,,,,"ADX 12.6 is below 20.0 — market looks flat/choppy, sitting out."
1786687247978,1883.27,,,,,,"ADX 13.0 is below 20.0 — market looks flat/choppy, sitting out."
1786694489527,1872.55,,,,,,"ADX 15.4 is below 20.0 — market looks flat/choppy, sitting out."
1786698055337,1878.11,,,,,,"ADX 16.9 is below 20.0 — market looks flat/choppy, sitting out."
1786701649736,1872.5,,,,,,"ADX 18.3 is below 20.0 — market looks flat/choppy, sitting out."
1786705248709,1875.48,,,,,,"ADX 19.5 is below 20.0 — market looks flat/choppy, sitting out."
1786708852553,1877.41,,,,,,"Risk:reward is 1.00, below the 1.5 threshold — sitting out this hour."
1786712461166,1872.64,,,,,,"Risk:reward is 0.55, below the 1.5 threshold — sitting out this hour."
1786716053922,1869.4,short,1874.366,1885.0074285714286,1858.403857142857,1.5,
1786719650026,1866.12,short,1871.263,1882.2837142857143,1854.7319285714284,1.5,
1786723249130,1880.55,,,,,,"Risk:reward is 1.31, below the 1.5 threshold — sitting out this hour."
1786726850265,1884.57,,,,,,Signal isn't clear enough (score is in the neutral zone) — sitting out this hour.
1786730450191,1877.94,,,,,,Short signal just appeared this hour — waiting one more hour to confirm it's not noise.
1786734047524,1875.0,,,,,,"Risk:reward is 0.83, below the 1.5 threshold — sitting out this hour."
1786737646553,1879.96,,,,,,"ADX 19.5 is below 20.0 — market looks flat/choppy, sitting out."
1786741249506,1879.65,,,,,,Signal isn't clear enough (score is in the neutral zone) — sitting out this hour.
1786744852558,1878.62,,,,,,Signal isn't clear enough (score is in the neutral zone) — sitting out this hour.
1786748447512,1878.81,,,,,,Signal isn't clear enough (score is in the neutral zone) — sitting out this hour.
1786752052045,1881.26,,,,,,Signal isn't clear enough (score is in the neutral zone) — sitting out this hour.
1786755652127,1881.59,,,,,,Signal isn't clear enough (score is in the neutral zone) — sitting out this hour.
1786759256315,1883.3,,,,,,Signal isn't clear enough (score is in the neutral zone) — sitting out this hour.
1786762850714,1884.0,,,,,,Signal isn't clear enough (score is in the neutral zone) — sitting out this hour.
1786766449788,1881.88,,,,,,Signal isn't clear enough (score is in the neutral zone) — sitting out this hour.
1786770048649,1883.35,,,,,,Signal isn't clear enough (score is in the neutral zone) — sitting out this hour.
1786773650589,1879.92,,,,,,Signal isn't clear enough (score is in the neutral zone) — sitting out this hour.
1786777252148,1881.49,,,,,,Signal isn't clear enough (score is in the neutral zone) — sitting out this hour.
1786780850521,1879.5,,,,,,Signal isn't clear enough (score is in the neutral zone) — sitting out this hour.
1786784451345,1876.18,,,,,,"ADX 14.0 is below 20.0 — market looks flat/choppy, sitting out."
1786788057161,1879.62,,,,,,"ADX 15.0 is below 20.0 — market looks flat/choppy, sitting out."
1786791648441,1880.26,,,,,,"ADX 15.9 is below 20.0 — market looks flat/choppy, sitting out."
1786795249584,1878.49,,,,,,"ADX 16.7 is below 20.0 — market looks flat/choppy, sitting out."
1786798850729,1882.88,,,,,,Signal isn't clear enough (score is in the neutral zone) — sitting out this hour.
1786802451367,1882.78,,,,,,Signal isn't clear enough (score is in the neutral zone) — sitting out this hour.
1786806047955,1882.61,,,,,,Signal isn't clear enough (score is in the neutral zone) — sitting out this hour.
1786809650628,1883.97,,,,,,Signal isn't clear enough (score is in the neutral zone) — sitting out this hour.
1786813246913,1883.85,,,,,,Signal isn't clear enough (score is in the neutral zone) — sitting out this hour.
1786816845879,1883.66,,,,,,Signal isn't clear enough (score is in the neutral zone) — sitting out this hour.
1786820444971,1882.0,,,,,,Signal isn't clear enough (score is in the neutral zone) — sitting out this hour.
1786824051710,1883.8,,,,,,Signal isn't clear enough (score is in the neutral zone) — sitting out this hour.
1786827652361,1882.51,,,,,,"ADX 13.8 is below 20.0 — market looks flat/choppy, sitting out."
1786831251132,1884.2,,,,,,"ADX 13.2 is below 20.0 — market looks flat/choppy, sitting out."
1786834845550,1883.61,,,,,,"ADX 12.7 is below 20.0 — market looks flat/choppy, sitting out."
1786838457254,1881.98,,,,,,"ADX 13.2 is below 20.0 — market looks flat/choppy, sitting out."
1786842049994,1881.76,,,,,,Signal isn't clear enough (score is in the neutral zone) — sitting out this hour.
1786845650361,1879.83,,,,,,Signal isn't clear enough (score is in the neutral zone) — sitting out this hour.
1786849248410,1882.86,,,,,,Signal isn't clear enough (score is in the neutral zone) — sitting out this hour.
1786852846478,1882.27,,,,,,Signal isn't clear enough (score is in the neutral zone) — sitting out this hour.
1786856450754,1880.86,,,,,,Signal isn't clear enough (score is in the neutral zone) — sitting out this hour.
1786860052266,1879.26,,,,,,"ADX 18.0 is below 20.0 — market looks flat/choppy, sitting out."
1786863647839,1880.05,,,,,,"ADX 19.2 is below 20.0 — market looks flat/choppy, sitting out."
1786867247894,1880.77,,,,,,"Risk:reward is 1.49, below the 1.5 threshold — sitting out this hour."
1786870848578,1880.2,,,,,,"Risk:reward is 1.42, below the 1.5 threshold — sitting out this hour."
1786874451575,1879.61,,,,,,"Risk:reward is 1.21, below the 1.5 threshold — sitting out this hour."
1786878048963,1880.25,,,,,,"Risk:reward is 1.28, below the 1.5 threshold — sitting out this hour."
1786881654303,1880.15,,,,,,"Risk:reward is 1.18, below the 1.5 threshold — sitting out this hour."
1786885250900,1879.17,,,,,,"Risk:reward is 0.93, below the 1.5 threshold — sitting out this hour."
1786888852430,1881.11,,,,,,"Risk:reward is 1.37, below the 1.5 threshold — sitting out this hour."
1786892450072,1882.64,,,,,,Signal isn't clear enough (score is in the neutral zone) — sitting out this hour.
1786896050793,1883.05,,,,,,Signal isn't clear enough (score is in the neutral zone) — sitting out this hour.
1786899646385,1888.56,,,,,,Long signal just appeared this hour — waiting one more hour to confirm it's not noise.
1786903250677,1884.3,,,,,,4H trend is bearish — skipping long to avoid fighting the higher timeframe.
1786906847928,1884.84,,,,,,4H trend is bearish — skipping long to avoid fighting the higher timeframe.
1786910450904,1885.11,,,,,,4H trend is bearish — skipping long to avoid fighting the higher timeframe.
1786914050158,1881.08,,,,,,4H trend is bearish — skipping long to avoid fighting the higher timeframe.
1786917655069,1874.6,,,,,,Signal isn't clear enough (score is in the neutral zone) — sitting out this hour.
1786921248323,1875.48,,,,,,Short signal just appeared this hour — waiting one more hour to confirm it's not noise.
1786924849707,1875.32,short,1878.8809999999999,1886.511714285714,1867.4349285714284,1.5000000000000149,
1786928448214,1878.2,,,,,,"Risk:reward is 0.77, below the 1.5 threshold — sitting out this hour."
1786932051392,1890.62,,,,,,Signal isn't clear enough (score is in the neutral zone) — sitting out this hour.
1786935647872,1901.62,,,,,,Long signal just appeared this hour — waiting one more hour to confirm it's not noise.
1786939250932,1900.09,,,,,,4H trend is bearish — skipping long to avoid fighting the higher timeframe.
1786942850845,1902.48,,,,,,4H trend is bearish — skipping long to avoid fighting the higher timeframe.
1786946449467,1898.82,,,,,,4H trend is bearish — skipping long to avoid fighting the higher timeframe.
1786950053301,1905.94,,,,,,4H trend is bearish — skipping long to avoid fighting the higher timeframe.
1786953650105,1899.99,,,,,,4H trend is bearish — skipping long to avoid fighting the higher timeframe.
1786957249366,1893.67,,,,,,4H trend is bearish — skipping long to avoid fighting the higher timeframe.
1786960848831,1893.31,,,,,,4H trend is bearish — skipping long to avoid fighting the higher timeframe.
1786964449007,1906.19,,,,,,4H trend is bearish — skipping long to avoid fighting the higher timeframe.
1786968046992,1903.56,,,,,,4H trend is bearish — skipping long to avoid fighting the higher timeframe.
1786971649324,1898.16,,,,,,4H trend is bearish — skipping long to avoid fighting the higher timeframe.
1786975253044,1904.0,,,,,,4H trend is bearish — skipping long to avoid fighting the higher timeframe.
1786978857278,1908.63,,,,,,4H trend is bearish — skipping long to avoid fighting the higher timeframe.
1786982448863,1912.23,long,1905.128,1889.9094285714284,1927.9558571428572,1.5,
1786986047950,1906.07,,,,,,"Risk:reward is 0.53, below the 1.5 threshold — sitting out this hour."
1786989648493,1907.86,,,,,,"Risk:reward is 0.48, below the 1.5 threshold — sitting out this hour."
1786993257468,1909.04,long,1902.2235,1887.6167142857144,1924.1336785714286,1.5,
1786996848208,1906.38,,,,,,"Risk:reward is 0.66, below the 1.5 threshold — sitting out this hour."
1787000450722,1905.84,,,,,,Signal isn't clear enough (score is in the neutral zone) — sitting out this hour.
1787004053330,1905.49,,,,,,Signal isn't clear enough (score is in the neutral zone) — sitting out this hour.
1787007652042,1903.63,,,,,,Signal isn't clear enough (score is in the neutral zone) — sitting out this hour.
1787011251640,1912.81,,,,,,Signal isn't clear enough (score is in the neutral zone) — sitting out this hour.
1787014846147,1909.21,,,,,,Signal isn't clear enough (score is in the neutral zone) — sitting out this hour.
1787018447101,1900.77,,,,,,Signal isn't clear enough (score is in the neutral zone) — sitting out this hour.
1787022052644,1892.5,,,,,,Signal isn't clear enough (score is in the neutral zone) — sitting out this hour.
1787025652040,1893.89,,,,,,Signal isn't clear enough (score is in the neutral zone) — sitting out this hour.
1787029249887,1895.75,,,,,,Signal isn't clear enough (score is in the neutral zone) — sitting out this hour.
1787032847851,1894.62,,,,,,Signal isn't clear enough (score is in the neutral zone) — sitting out this hour.
1787036450077,1901.98,,,,,,Signal isn't clear enough (score is in the neutral zone) — sitting out this hour.
1787040048179,1897.84,,,,,,Signal isn't clear enough (score is in the neutral zone) — sitting out this hour.
1787043647061,1899.43,,,,,,Signal isn't clear enough (score is in the neutral zone) — sitting out this hour.
1787047248840,1896.03,,,,,,Signal isn't clear enough (score is in the neutral zone) — sitting out this hour.
1787050848970,1897.36,,,,,,Signal isn't clear enough (score is in the neutral zone) — sitting out this hour.
1787054449223,1902.21,,,,,,Signal isn't clear enough (score is in the neutral zone) — sitting out this hour.
1787058058543,1898.51,,,,,,Signal isn't clear enough (score is in the neutral zone) — sitting out this hour.
1787061653537,1897.04,,,,,,Signal isn't clear enough (score is in the neutral zone) — sitting out this hour.
1787065254185,1910.16,,,,,,"ADX 16.5 is below 20.0 — market looks flat/choppy, sitting out."
1787068849767,1916.7,,,,,,"ADX 17.7 is below 20.0 — market looks flat/choppy, sitting out."
1787072450486,1917.45,,,,,,"ADX 19.2 is below 20.0 — market looks flat/choppy, sitting out."
1787076047960,1910.39,,,,,,"Risk:reward is 0.77, below the 1.5 threshold — sitting out this hour."
1787079648444,1915.57,long,1909.355,1896.037142857143,1929.3317857142858,1.500000000000017,
1787083248343,1912.61,,,,,,"Risk:reward is 0.67, below the 1.5 threshold — sitting out this hour."
1787086850356,1911.88,,,,,,"Risk:reward is 0.78, below the 1.5 threshold — sitting out this hour."
1787090449940,1911.3,,,,,,"Risk:reward is 0.85, below the 1.5 threshold — sitting out this hour."
1787094049924,1912.53,,,,,,"Risk:reward is 0.78, below the 1.5 threshold — sitting out this hour."
1787097652117,1916.94,long,1911.481,1899.7831428571428,1929.0277857142858,1.5,
1787101249194,1912.67,,,,,,"Risk:reward is 0.82, below the 1.5 threshold — sitting out this hour."
1787104848156,1912.8,,,,,,"Risk:reward is 0.84, below the 1.5 threshold — sitting out this hour."
1787108449314,1907.04,,,,,,Signal isn't clear enough (score is in the neutral zone) — sitting out this hour.
1787112050256,1911.2,,,,,,Signal isn't clear enough (score is in the neutral zone) — sitting out this hour.
1787115649785,1909.85,,,,,,Signal isn't clear enough (score is in the neutral zone) — sitting out this hour.
1787119253259,1909.44,,,,,,Signal isn't clear enough (score is in the neutral zone) — sitting out this hour.
1787122850878,1916.71,,,,,,Signal isn't clear enough (score is in the neutral zone) — sitting out this hour.
1787126451850,1915.02,,,,,,Signal isn't clear enough (score is in the neutral zone) — sitting out this hour.
1787130050760,1920.66,,,,,,Long signal just appeared this hour — waiting one more hour to confirm it's not noise.
1787133654173,1918.41,,,,,,"Risk:reward is 0.49, below the 1.5 threshold — sitting out this hour."
1787137250147,1919.42,,,,,,"Risk:reward is 1.47, below the 1.5 threshold — sitting out this hour."
1787140851316,1922.23,long,1917.3295,1906.8284285714285,1933.0811071428573,1.4999999999999891,
1787144452353,1936.14,,,,,,"Risk:reward is 0.99, below the 1.5 threshold — sitting out this hour."
1787148048378,1931.99,,,,,,"Risk:reward is 1.21, below the 1.5 threshold — sitting out this hour."
1787151648964,1969.61,,,,,,"Risk:reward is 1.05, below the 1.5 threshold — sitting out this hour."
1787155247358,2085.15,long,2068.9590000000003,2034.2640000000004,2133.21,1.851880674448764,
1787158852675,2088.63,,,,,,"Risk:reward is 0.98, below the 1.5 threshold — sitting out this hour."
1787162449746,2090.05,,,,,,"Risk:reward is 0.52, below the 1.5 threshold — sitting out this hour."
1787166049954,2090.71,,,,,,"Risk:reward is 0.50, below the 1.5 threshold — sitting out this hour."
1787169648947,2100.91,,,,,,"Risk:reward is 0.61, below the 1.5 threshold — sitting out this hour."
1787173247228,2218.37,,,,,,"Risk:reward is 1.11, below the 1.5 threshold — sitting out this hour."
1787176848414,2286.2,,,,,,"Risk:reward is 1.28, below the 1.5 threshold — sitting out this hour."
1787180447604,2249.7,,,,,,"Risk:reward is 0.53, below the 1.5 threshold — sitting out this hour."
1787184047433,2252.09,,,,,,"Risk:reward is 0.62, below the 1.5 threshold — sitting out this hour."
1787187645783,2261.83,,,,,,"Risk:reward is 0.62, below the 1.5 threshold — sitting out this hour."
1787191246000,2265.9,,,,,,"Risk:reward is 0.54, below the 1.5 threshold — sitting out this hour."
1787194849994,2251.48,,,,,,"Risk:reward is 0.69, below the 1.5 threshold — sitting out this hour."
1787198452025,2251.04,,,,,,"Risk:reward is 0.64, below the 1.5 threshold — sitting out this hour."
1787202048508,2249.75,,,,,,"Risk:reward is 0.75, below the 1.5 threshold — sitting out this hour."
1787205656117,2247.91,,,,,,"Risk:reward is 0.86, below the 1.5 threshold — sitting out this hour."
1787209248897,2261.97,,,,,,"Risk:reward is 0.49, below the 1.5 threshold — sitting out this hour."
1787212851713,2251.87,,,,,,Signal isn't clear enough (score is in the neutral zone) — sitting out this hour.
1787216452404,2281.7,,,,,,Long signal just appeared this hour — waiting one more hour to confirm it's not noise.
1787220052786,2278.31,,,,,,"Risk:reward is 0.64, below the 1.5 threshold — sitting out this hour."
1787223649701,2286.15,,,,,,"Risk:reward is 0.60, below the 1.5 threshold — sitting out this hour."
1787227249269,2295.6,,,,,,"Risk:reward is 1.05, below the 1.5 threshold — sitting out this hour."
1787230850878,2289.48,,,,,,"Risk:reward is 0.60, below the 1.5 threshold — sitting out this hour."
1787234450775,2276.0,,,,,,"Risk:reward is 0.94, below the 1.5 threshold — sitting out this hour."
1787238053971,2280.35,,,,,,Signal isn't clear enough (score is in the neutral zone) — sitting out this hour.
1787241650508,2325.01,,,,,,Long signal just appeared this hour — waiting one more hour to confirm it's not noise.
1787245252013,2343.95,,,,,,Long signal just appeared this hour — waiting one more hour to confirm it's not noise.
1787248849932,2343.28,,,,,,"Risk:reward is 0.66, below the 1.5 threshold — sitting out this hour."
1787252446945,2315.23,,,,,,"Risk:reward is 0.54, below the 1.5 threshold — sitting out this hour."
1787256049792,2322.78,,,,,,Signal isn't clear enough (score is in the neutral zone) — sitting out this hour.
1787259646771,2317.51,,,,,,Signal isn't clear enough (score is in the neutral zone) — sitting out this hour.
1787263247776,2317.83,,,,,,Signal isn't clear enough (score is in the neutral zone) — sitting out this hour.
1787266851637,2313.25,,,,,,Signal isn't clear enough (score is in the neutral zone) — sitting out this hour.
1787270452459,2326.16,,,,,,Signal isn't clear enough (score is in the neutral zone) — sitting out this hour.
1787274046166,2339.98,,,,,,Long signal just appeared this hour — waiting one more hour to confirm it's not noise.
1787277652236,2358.77,,,,,,"Risk:reward is 0.52, below the 1.5 threshold — sitting out this hour."
1787281247499,2344.71,,,,,,"Risk:reward is 0.88, below the 1.5 threshold — sitting out this hour."
1787284847727,2340.04,,,,,,Signal isn't clear enough (score is in the neutral zone) — sitting out this hour.
1787288454940,2353.5,,,,,,Signal isn't clear enough (score is in the neutral zone) — sitting out this hour.
1787292047741,2367.44,,,,,,Signal isn't clear enough (score is in the neutral zone) — sitting out this hour.
1787295649771,2371.54,,,,,,Long signal just appeared this hour — waiting one more hour to confirm it's not noise.
1787299252128,2371.52,,,,,,"Risk:reward is 0.76, below the 1.5 threshold — sitting out this hour."
1787302850252,2445.05,,,,,,"Risk:reward is 0.59, below the 1.5 threshold — sitting out this hour."
1787306449101,2403.8,,,,,,"Risk:reward is 1.43, below the 1.5 threshold — sitting out this hour."
1787310047769,2395.0,,,,,,Signal isn't clear enough (score is in the neutral zone) — sitting out this hour.
1787313651813,2370.65,,,,,,Signal isn't clear enough (score is in the neutral zone) — sitting out this hour.
1787317253601,2387.95,,,,,,Signal isn't clear enough (score is in the neutral zone) — sitting out this hour.
1787320853203,2387.0,,,,,,Signal isn't clear enough (score is in the neutral zone) — sitting out this hour.
1787324453803,2392.98,,,,,,Signal isn't clear enough (score is in the neutral zone) — sitting out this hour.
1787328049341,2393.07,,,,,,Signal isn't clear enough (score is in the neutral zone) — sitting out this hour.
1787331649378,2405.33,,,,,,Signal isn't clear enough (score is in the neutral zone) — sitting out this hour.
1787335244391,2422.8,,,,,,Long signal just appeared this hour — waiting one more hour to confirm it's not noise.
1787338846971,2419.56,,,,,,"Risk:reward is 0.65, below the 1.5 threshold — sitting out this hour."
1787342449818,2412.36,,,,,,Signal isn't clear enough (score is in the neutral zone) — sitting out this hour.
1787346047649,2440.09,,,,,,Long signal just appeared this hour — waiting one more hour to confirm it's not noise.
1787349650332,2513.35,,,,,,"Risk:reward is 0.62, below the 1.5 threshold — sitting out this hour."
1787353246309,2521.99,,,,,,"Risk:reward is 0.48, below the 1.5 threshold — sitting out this hour."
1787356849104,2515.9,,,,,,"Risk:reward is 0.60, below the 1.5 threshold — sitting out this hour."
1787360449407,2521.44,,,,,,"Risk:reward is 0.50, below the 1.5 threshold — sitting out this hour."
1787364046183,2506.4,,,,,,"Risk:reward is 0.83, below the 1.5 threshold — sitting out this hour."
1787367651270,2515.63,,,,,,"Risk:reward is 0.64, below the 1.5 threshold — sitting out this hour."
1787371248368,2514.33,,,,,,"Risk:reward is 0.68, below the 1.5 threshold — sitting out this hour."
1787374855000,2514.0,,,,,,"Risk:reward is 0.71, below the 1.5 threshold — sitting out this hour."
1787378452921,2439.4,,,,,,Signal isn't clear enough (score is in the neutral zone) — sitting out this hour.
1787382050014,2437.11,,,,,,Signal isn't clear enough (score is in the neutral zone) — sitting out this hour.
1787385648103,2432.46,,,,,,Signal isn't clear enough (score is in the neutral zone) — sitting out this hour.
1787389255860,2425.51,,,,,,Signal isn't clear enough (score is in the neutral zone) — sitting out this hour.
1787392855149,2421.75,,,,,,Signal isn't clear enough (score is in the neutral zone) — sitting out this hour.
1787396448867,2412.53,,,,,,Signal isn't clear enough (score is in the neutral zone) — sitting out this hour.
1787400048627,2423.7,,,,,,Signal isn't clear enough (score is in the neutral zone) — sitting out this hour.
1787403652236,2427.5,,,,,,Signal isn't clear enough (score is in the neutral zone) — sitting out this hour.
1787407254156,2429.79,,,,,,Signal isn't clear enough (score is in the neutral zone) — sitting out this hour.
1787410850266,2413.47,,,,,,Signal isn't clear enough (score is in the neutral zone) — sitting out this hour.
1787414448444,2410.81,,,,,,Signal isn't clear enough (score is in the neutral zone) — sitting out this hour.
1787418053215,2422.27,,,,,,Signal isn't clear enough (score is in the neutral zone) — sitting out this hour.
1787421648849,2426.11,,,,,,Signal isn't clear enough (score is in the neutral zone) — sitting out this hour.
1787425248680,2426.72,,,,,,Signal isn't clear enough (score is in the neutral zone) — sitting out this hour.
1787428851224,2438.22,,,,,,Signal isn't clear enough (score is in the neutral zone) — sitting out this hour.
1787432447919,2430.89,,,,,,Signal isn't clear enough (score is in the neutral zone) — sitting out this hour.
1787436055899,2406.68,,,,,,Signal isn't clear enough (score is in the neutral zone) — sitting out this hour.
1787439650500,2413.55,,,,,,Signal isn't clear enough (score is in the neutral zone) — sitting out this hour.
1787443254054,2421.74,,,,,,Signal isn't clear enough (score is in the neutral zone) — sitting out this hour.
1787446845664,2430.55,,,,,,Signal isn't clear enough (score is in the neutral zone) — sitting out this hour.
1787450452613,2422.45,,,,,,Signal isn't clear enough (score is in the neutral zone) — sitting out this hour.
1787454054883,2416.53,,,,,,Signal isn't clear enough (score is in the neutral zone) — sitting out this hour.
1787457647136,2413.71,,,,,,Signal isn't clear enough (score is in the neutral zone) — sitting out this hour.
1787461249719,2378.42,,,,,,Signal isn't clear enough (score is in the neutral zone) — sitting out this hour.
1787464850049,2373.11,,,,,,Signal isn't clear enough (score is in the neutral zone) — sitting out this hour.
1787468449498,2389.56,,,,,,Signal isn't clear enough (score is in the neutral zone) — sitting out this hour.
1787472049608,2388.55,,,,,,Signal isn't clear enough (score is in the neutral zone) — sitting out this hour.
1787475648616,2412.87,,,,,,Signal isn't clear enough (score is in the neutral zone) — sitting out this hour.
1787479251314,2411.45,,,,,,Signal isn't clear enough (score is in the neutral zone) — sitting out this hour.
1787482850643,2415.36,,,,,,Long signal just appeared this hour — waiting one more hour to confirm it's not noise.
1787486451153,2433.38,,,,,,"Risk:reward is 0.81, below the 1.5 threshold — sitting out this hour."
1787490051433,2426.72,,,,,,"Risk:reward is 0.98, below the 1.5 threshold — sitting out this hour."
1787493650566,2459.25,,,,,,"Risk:reward is 1.19, below the 1.5 threshold — sitting out this hour."
1787497250948,2438.1,long,2417.7925,2374.276428571429,2485.35,1.5524724034634225,
1787500848700,2437.95,,,,,,"ADX 19.5 is below 20.0 — market looks flat/choppy, sitting out."
1787504449191,2449.71,,,,,,"ADX 18.7 is below 20.0 — market looks flat/choppy, sitting out."
1787508049468,2439.53,,,,,,"ADX 17.7 is below 20.0 — market looks flat/choppy, sitting out."
1787511648423,2447.49,,,,,,"ADX 16.8 is below 20.0 — market looks flat/choppy, sitting out."
1787515253594,2444.0,,,,,,"ADX 16.2 is below 20.0 — market looks flat/choppy, sitting out."
1787518849928,2449.19,,,,,,"ADX 15.6 is below 20.0 — market looks flat/choppy, sitting out."
1787522450108,2469.1,,,,,,"ADX 16.3 is below 20.0 — market looks flat/choppy, sitting out."
1787526050704,2454.38,,,,,,"ADX 17.0 is below 20.0 — market looks flat/choppy, sitting out."
1787529652572,2462.67,,,,,,"ADX 17.1 is below 20.0 — market looks flat/choppy, sitting out."
1787533251806,2464.6,,,,,,"ADX 17.2 is below 20.0 — market looks flat/choppy, sitting out."
1787536853162,2428.74,,,,,,"ADX 16.4 is below 20.0 — market looks flat/choppy, sitting out."
1787540451752,2442.99,,,,,,Signal isn't clear enough (score is in the neutral zone) — sitting out this hour.
1787544054242,2430.13,,,,,,Signal isn't clear enough (score is in the neutral zone) — sitting out this hour.
1787547654795,2437.29,,,,,,Signal isn't clear enough (score is in the neutral zone) — sitting out this hour.
1787551256961,2448.22,,,,,,Signal isn't clear enough (score is in the neutral zone) — sitting out this hour.
1787554853969,2455.81,,,,,,Signal isn't clear enough (score is in the neutral zone) — sitting out this hour.
1787558452509,2453.87,,,,,,Signal isn't clear enough (score is in the neutral zone) — sitting out this hour.
1787562062349,2453.63,,,,,,Signal isn't clear enough (score is in the neutral zone) — sitting out this hour.
1787565655783,2462.04,,,,,,"ADX 14.8 is below 20.0 — market looks flat/choppy, sitting out."
1787569255134,2464.38,,,,,,"ADX 15.9 is below 20.0 — market looks flat/choppy, sitting out."
1787572852831,2493.54,,,,,,"ADX 17.4 is below 20.0 — market looks flat/choppy, sitting out."
1787576452141,2511.66,,,,,,"ADX 19.2 is below 20.0 — market looks flat/choppy, sitting out."
1787580055523,2492.81,,,,,,"Risk:reward is 0.82, below the 1.5 threshold — sitting out this hour."
1787583655580,2514.8,,,,,,"Risk:reward is 0.58, below the 1.5 threshold — sitting out this hour."
1787587254600,2486.95,,,,,,"Risk:reward is 0.92, below the 1.5 threshold — sitting out this hour."
1787590849339,2477.29,,,,,,"Risk:reward is 1.08, below the 1.5 threshold — sitting out this hour."
1787594454267,2468.27,,,,,,"Risk:reward is 1.24, below the 1.5 threshold — sitting out this hour."
1787598049865,2473.4,,,,,,Signal isn't clear enough (score is in the neutral zone) — sitting out this hour.
1787601656477,2470.43,,,,,,Signal isn't clear enough (score is in the neutral zone) — sitting out this hour.
1787605249985,2474.33,,,,,,Signal isn't clear enough (score is in the neutral zone) — sitting out this hour.
1787608850826,2482.95,,,,,,Signal isn't clear enough (score is in the neutral zone) — sitting out this hour.
1787612453951,2473.53,,,,,,Signal isn't clear enough (score is in the neutral zone) — sitting out this hour.
1787616055268,2481.08,,,,,,Signal isn't clear enough (score is in the neutral zone) — sitting out this hour.
1787619648180,2492.51,,,,,,Signal isn't clear enough (score is in the neutral zone) — sitting out this hour.
1787623253284,2495.09,,,,,,Signal isn't clear enough (score is in the neutral zone) — sitting out this hour.
1787626853282,2506.62,,,,,,Long signal just appeared this hour — waiting one more hour to confirm it's not noise.
1787630454464,2498.3,,,,,,"Risk:reward is 0.78, below the 1.5 threshold — sitting out this hour."
1787634052788,2494.0,,,,,,"Risk:reward is 0.89, below the 1.5 threshold — sitting out this hour."
1787637656235,2507.74,,,,,,"Risk:reward is 0.54, below the 1.5 threshold — sitting out this hour."
1787641258994,2499.97,,,,,,"Risk:reward is 0.80, below the 1.5 threshold — sitting out this hour."
1787644853026,2477.97,,,,,,Signal isn't clear enough (score is in the neutral zone) — sitting out this hour.
1787648453145,2484.33,,,,,,Signal isn't clear enough (score is in the neutral zone) — sitting out this hour.
1787652059522,2473.95,,,,,,Signal isn't clear enough (score is in the neutral zone) — sitting out this hour.
1787655654467,2480.85,,,,,,Signal isn't clear enough (score is in the neutral zone) — sitting out this hour.
1787659251910,2477.35,,,,,,Signal isn't clear enough (score is in the neutral zone) — sitting out this hour.
1787662857222,2473.0,,,,,,Signal isn't clear enough (score is in the neutral zone) — sitting out this hour.
1787666456444,2460.33,,,,,,Signal isn't clear enough (score is in the neutral zone) — sitting out this hour.
1787670055089,2475.99,,,,,,Signal isn't clear enough (score is in the neutral zone) — sitting out this hour.
1787673655790,2481.54,,,,,,Signal isn't clear enough (score is in the neutral zone) — sitting out this hour.
1787677250422,2469.68,,,,,,Signal isn't clear enough (score is in the neutral zone) — sitting out this hour.
1787680852837,2469.76,,,,,,Signal isn't clear enough (score is in the neutral zone) — sitting out this hour.
1787684452260,2466.29,,,,,,Signal isn't clear enough (score is in the neutral zone) — sitting out this hour.
1787688050302,2462.16,,,,,,Signal isn't clear enough (score is in the neutral zone) — sitting out this hour.
1787691650490,2435.56,,,,,,Signal isn't clear enough (score is in the neutral zone) — sitting out this hour.
1787695249873,2441.04,,,,,,Signal isn't clear enough (score is in the neutral zone) — sitting out this hour.
1787698849506,2452.94,,,,,,Signal isn't clear enough (score is in the neutral zone) — sitting out this hour.
1787702455780,2441.9,,,,,,Signal isn't clear enough (score is in the neutral zone) — sitting out this hour.
1787706052213,2445.39,,,,,,Signal isn't clear enough (score is in the neutral zone) — sitting out this hour.
1787709650408,2455.24,,,,,,Short signal just appeared this hour — waiting one more hour to confirm it's not noise.
1787713254756,2464.56,,,,,,Signal isn't clear enough (score is in the neutral zone) — sitting out this hour.
1787716853167,2464.81,,,,,,Signal isn't clear enough (score is in the neutral zone) — sitting out this hour.
1787720452591,2456.04,,,,,,Short signal just appeared this hour — waiting one more hour to confirm it's not noise.
1787724055641,2463.71,,,,,,4H trend is bullish — skipping short to avoid fighting the higher timeframe.
1787727653252,2459.16,,,,,,Signal isn't clear enough (score is in the neutral zone) — sitting out this hour.
1787731261825,2460.5,,,,,,Signal isn't clear enough (score is in the neutral zone) — sitting out this hour.
1787734856703,2455.58,,,,,,Short signal just appeared this hour — waiting one more hour to confirm it's not noise.
1787738454670,2447.24,,,,,,4H trend is bullish — skipping short to avoid fighting the higher timeframe.
1787742055994,2467.68,,,,,,4H trend is bullish — skipping short to avoid fighting the higher timeframe.
1787745655085,2461.86,,,,,,4H trend is bullish — skipping short to avoid fighting the higher timeframe.
1787749255498,2454.14,,,,,,4H trend is bullish — skipping short to avoid fighting the higher timeframe.
1787752856744,2456.28,,,,,,4H trend is bullish — skipping short to avoid fighting the higher timeframe.
1787756464891,2438.57,,,,,,4H trend is bullish — skipping short to avoid fighting the higher timeframe.
1787760053584,2448.93,,,,,,4H trend is bullish — skipping short to avoid fighting the higher timeframe.
1787763668789,2443.46,,,,,,4H trend is bullish — skipping short to avoid fighting the higher timeframe.
1787767256928,2459.64,,,,,,4H trend is bullish — skipping short to avoid fighting the higher timeframe.
1787770853220,2471.62,,,,,,Signal isn't clear enough (score is in the neutral zone) — sitting out this hour.
1787774455689,2469.51,,,,,,Signal isn't clear enough (score is in the neutral zone) — sitting out this hour.
1787778052264,2471.25,,,,,,Signal isn't clear enough (score is in the neutral zone) — sitting out this hour.
1787781655569,2495.74,,,,,,"ADX 18.3 is below 20.0 — market looks flat/choppy, sitting out."
1787785252697,2492.62,,,,,,"ADX 19.1 is below 20.0 — market looks flat/choppy, sitting out."
1787788856274,2505.65,,,,,,"ADX 19.8 is below 20.0 — market looks flat/choppy, sitting out."
1787792454302,2490.92,,,,,,"Risk:reward is 1.04, below the 1.5 threshold — sitting out this hour."
1787796053584,2497.0,,,,,,"Risk:reward is 0.83, below the 1.5 threshold — sitting out this hour."
1787799655895,2493.87,,,,,,"Risk:reward is 0.92, below the 1.5 threshold — sitting out this hour."
1787803253996,2492.28,,,,,,"Risk:reward is 0.95, below the 1.5 threshold — sitting out this hour."
1787806853750,2486.39,,,,,,"ADX 20.0 is below 20.0 — market looks flat/choppy, sitting out."
1787810459807,2495.46,,,,,,"ADX 19.1 is below 20.0 — market looks flat/choppy, sitting out."
1787814058200,2491.88,,,,,,"ADX 18.3 is below 20.0 — market looks flat/choppy, sitting out."
1787817655804,2495.92,,,,,,"ADX 17.8 is below 20.0 — market looks flat/choppy, sitting out."
1787821263002,2529.91,,,,,,"ADX 19.9 is below 20.0 — market looks flat/choppy, sitting out."
1787824856974,2534.03,,,,,,"Risk:reward is 0.83, below the 1.5 threshold — sitting out this hour."
1787828455124,2502.95,,,,,,"Risk:reward is 0.47, below the 1.5 threshold — sitting out this hour."
1787832053751,2500.69,,,,,,"Risk:reward is 0.55, below the 1.5 threshold — sitting out this hour."
1787835661723,2494.25,,,,,,Signal isn't clear enough (score is in the neutral zone) — sitting out this hour.
1787839256159,2495.29,,,,,,Signal isn't clear enough (score is in the neutral zone) — sitting out this hour.
1787842854214,2516.15,,,,,,Signal isn't clear enough (score is in the neutral zone) — sitting out this hour.
1787846455870,2520.45,,,,,,Long signal just appeared this hour — waiting one more hour to confirm it's not noise.
1787850058420,2521.11,,,,,,"Risk:reward is 0.83, below the 1.5 threshold — sitting out this hour."
1787853655609,2517.29,,,,,,"Risk:reward is 0.92, below the 1.5 threshold — sitting out this hour."
1787857251563,2505.78,,,,,,Signal isn't clear enough (score is in the neutral zone) — sitting out this hour.
1787860853462,2496.78,,,,,,Signal isn't clear enough (score is in the neutral zone) — sitting out this hour.
1787864456651,2506.75,,,,,,Signal isn't clear enough (score is in the neutral zone) — sitting out this hour.
1787868054937,2503.18,,,,,,Signal isn't clear enough (score is in the neutral zone) — sitting out this hour.
1787871652312,2514.01,,,,,,Signal isn't clear enough (score is in the neutral zone) — sitting out this hour.
1787875258232,2509.78,,,,,,Signal isn't clear enough (score is in the neutral zone) — sitting out this hour.
1787878854611,2514.48,,,,,,Signal isn't clear enough (score is in the neutral zone) — sitting out this hour.
1787882456579,2511.21,,,,,,Signal isn't clear enough (score is in the neutral zone) — sitting out this hour.
1787886052746,2491.27,,,,,,Signal isn't clear enough (score is in the neutral zone) — sitting out this hour.
1787889652975,2488.98,,,,,,Signal isn't clear enough (score is in the neutral zone) — sitting out this hour.
1787893252915,2485.01,,,,,,Signal isn't clear enough (score is in the neutral zone) — sitting out this hour.
1787896855928,2492.19,,,,,,Signal isn't clear enough (score is in the neutral zone) — sitting out this hour.
1787900454624,2501.85,,,,,,Signal isn't clear enough (score is in the neutral zone) — sitting out this hour.
1787904053221,2495.7,,,,,,Signal isn't clear enough (score is in the neutral zone) — sitting out this hour.
1787907657859,2487.36,,,,,,Signal isn't clear enough (score is in the neutral zone) — sitting out this hour.
1787911254510,2488.87,,,,,,Signal isn't clear enough (score is in the neutral zone) — sitting out this hour.
1787914858802,2505.6,,,,,,Signal isn't clear enough (score is in the neutral zone) — sitting out this hour.
1787918456401,2504.01,,,,,,Signal isn't clear enough (score is in the neutral zone) — sitting out this hour.
1787922053007,2498.14,,,,,,Signal isn't clear enough (score is in the neutral zone) — sitting out this hour.
1787925657222,2508.31,,,,,,"ADX 9.3 is below 20.0 — market looks flat/choppy, sitting out."
1787929251993,2511.73,,,,,,"ADX 9.6 is below 20.0 — market looks flat/choppy, sitting out."
1787932854676,2470.83,,,,,,Signal isn't clear enough (score is in the neutral zone) — sitting out this hour.
1787936454230,2441.19,,,,,,Signal isn't clear enough (score is in the neutral zone) — sitting out this hour.
1787940052444,2442.98,,,,,,"ADX 14.8 is below 20.0 — market looks flat/choppy, sitting out."
1787943718411,2428.0,,,,,,"ADX 17.5 is below 20.0 — market looks flat/choppy, sitting out."
1787947256119,2434.9,,,,,,"ADX 19.9 is below 20.0 — market looks flat/choppy, sitting out."
1787950854961,2426.98,,,,,,4H trend is bullish — skipping short to avoid fighting the higher timeframe.
1787954453675,2424.12,,,,,,4H trend is bullish — skipping short to avoid fighting the higher timeframe.
1787958054115,2441.11,,,,,,4H trend is bullish — skipping short to avoid fighting the higher timeframe.
1787961658000,2441.89,,,,,,4H trend is bullish — skipping short to avoid fighting the higher timeframe.
1787965254716,2441.55,,,,,,4H trend is bullish — skipping short to avoid fighting the higher timeframe.
1787968858064,2442.65,,,,,,4H trend is bullish — skipping short to avoid fighting the higher timeframe.
1787972455210,2437.54,,,,,,4H trend is bullish — skipping short to avoid fighting the higher timeframe.
1787976053935,2434.22,,,,,,4H trend is bullish — skipping short to avoid fighting the higher timeframe.
1787979655134,2439.41,,,,,,4H trend is bullish — skipping short to avoid fighting the higher timeframe.
1787983256876,2438.1,,,,,,4H trend is bullish — skipping short to avoid fighting the higher timeframe.
1787986856574,2434.23,,,,,,4H trend is bullish — skipping short to avoid fighting the higher timeframe.
1787990458630,2435.25,,,,,,4H trend is bullish — skipping short to avoid fighting the higher timeframe.
1787994056544,2433.17,,,,,,4H trend is bullish — skipping short to avoid fighting the higher timeframe.
1787997659291,2434.51,,,,,,4H trend is bullish — skipping short to avoid fighting the higher timeframe.
1788001257516,2433.91,,,,,,4H trend is bullish — skipping short to avoid fighting the higher timeframe.
1788004854798,2434.94,,,,,,4H trend is bullish — skipping short to avoid fighting the higher timeframe.
1788008458707,2433.65,,,,,,4H trend is bullish — skipping short to avoid fighting the higher timeframe.
1788012060538,2434.6,,,,,,4H trend is bullish — skipping short to avoid fighting the higher timeframe.
1788015651576,2447.39,,,,,,4H trend is bullish — skipping short to avoid fighting the higher timeframe.
1788019255371,2443.57,,,,,,4H trend is bullish — skipping short to avoid fighting the higher timeframe.
1788022856860,2449.65,,,,,,4H trend is bullish — skipping short to avoid fighting the higher timeframe.
1788026454950,2449.3,,,,,,Signal isn't clear enough (score is in the neutral zone) — sitting out this hour.
1788030056133,2451.14,,,,,,Signal isn't clear enough (score is in the neutral zone) — sitting out this hour.
1788033653880,2452.27,,,,,,Signal isn't clear enough (score is in the neutral zone) — sitting out this hour.
1788037252713,2451.38,,,,,,Signal isn't clear enough (score is in the neutral zone) — sitting out this hour.
1788040861278,2450.37,,,,,,Signal isn't clear enough (score is in the neutral zone) — sitting out this hour.
1788044458308,2451.55,,,,,,Signal isn't clear enough (score is in the neutral zone) — sitting out this hour.
1788048062390,2456.4,,,,,,Signal isn't clear enough (score is in the neutral zone) — sitting out this hour.
1788051652304,2457.64,,,,,,Signal isn't clear enough (score is in the neutral zone) — sitting out this hour.
1788055254139,2455.47,,,,,,Signal isn't clear enough (score is in the neutral zone) — sitting out this hour.
1788058856392,2453.84,,,,,,Signal isn't clear enough (score is in the neutral zone) — sitting out this hour.
1788062455244,2455.95,,,,,,Signal isn't clear enough (score is in the neutral zone) — sitting out this hour.
1788066054164,2455.0,,,,,,Signal isn't clear enough (score is in the neutral zone) — sitting out this hour.
1788069656246,2455.24,,,,,,Signal isn't clear enough (score is in the neutral zone) — sitting out this hour.
1788073259807,2459.9,,,,,,Signal isn't clear enough (score is in the neutral zone) — sitting out this hour.
1788076860717,2454.28,,,,,,Signal isn't clear enough (score is in the neutral zone) — sitting out this hour.
1788080457359,2455.76,,,,,,Signal isn't clear enough (score is in the neutral zone) — sitting out this hour.
1788084054772,2452.56,,,,,,Short signal just appeared this hour — waiting one more hour to confirm it's not noise.
1788087660369,2458.33,,,,,,Signal isn't clear enough (score is in the neutral zone) — sitting out this hour.
1788091256429,2458.99,,,,,,Signal isn't clear enough (score is in the neutral zone) — sitting out this hour.
1788094855234,2467.99,,,,,,Signal isn't clear enough (score is in the neutral zone) — sitting out this hour.
1788098454585,2474.03,,,,,,Signal isn't clear enough (score is in the neutral zone) — sitting out this hour.
1788102052970,2475.8,,,,,,Long signal just appeared this hour — waiting one more hour to confirm it's not noise.
1788105659502,2479.68,long,2473.7535,2461.053857142857,2492.802964285714,1.5,
1788109263290,2528.75,,,,,,"Risk:reward is 0.78, below the 1.5 threshold — sitting out this hour."
1788112855230,2504.65,long,2494.7335000000003,2473.4838571428572,2531.615,1.7356291702381168,
1788116452691,2509.73,,,,,,"Risk:reward is 0.78, below the 1.5 threshold — sitting out this hour."
1788120059663,2502.7,,,,,,"Risk:reward is 0.96, below the 1.5 threshold — sitting out this hour."
1788123654001,2489.71,,,,,,"Risk:reward is 1.34, below the 1.5 threshold — sitting out this hour."
1788127259168,2480.59,long,2467.1035,2438.2038571428575,2512.346666666667,1.5655268437161527,
1788130857854,2469.79,,,,,,Signal isn't clear enough (score is in the neutral zone) — sitting out this hour.
1788134463039,2415.7,,,,,,Signal isn't clear enough (score is in the neutral zone) — sitting out this hour.
1788138054569,2427.29,,,,,,Signal isn't clear enough (score is in the neutral zone) — sitting out this hour.
1788141660330,2412.37,,,,,,Short signal just appeared this hour — waiting one more hour to confirm it's not noise.
1788145252184,2407.26,,,,,,4H trend is bullish — skipping short to avoid fighting the higher timeframe.
1788148855836,2419.8,,,,,,4H trend is bullish — skipping short to avoid fighting the higher timeframe.
1788152454193,2416.49,,,,,,4H trend is bullish — skipping short to avoid fighting the higher timeframe.
1788156055344,2434.9,,,,,,4H trend is bullish — skipping short to avoid fighting the higher timeframe.
1788159655096,2437.31,,,,,,4H trend is bullish — skipping short to avoid fighting the higher timeframe.
1788163254586,2439.25,,,,,,4H trend is bullish — skipping short to avoid fighting the higher timeframe.
1788166856912,2444.99,,,,,,4H trend is bullish — skipping short to avoid fighting the higher timeframe.
1788170460746,2445.53,,,,,,4H trend is bullish — skipping short to avoid fighting the higher timeframe.
1788174053447,2454.33,,,,,,Signal isn't clear enough (score is in the neutral zone) — sitting out this hour.
1788177654054,2445.04,,,,,,Signal isn't clear enough (score is in the neutral zone) — sitting out this hour.
1788181270858,2450.68,,,,,,Short signal just appeared this hour — waiting one more hour to confirm it's not noise.
1788184854587,2439.33,,,,,,4H trend is bullish — skipping short to avoid fighting the higher timeframe.
1788188454791,2466.67,,,,,,Signal isn't clear enough (score is in the neutral zone) — sitting out this hour.
1788192053053,2466.52,,,,,,Signal isn't clear enough (score is in the neutral zone) — sitting out this hour.
1788195654105,2467.96,,,,,,Signal isn't clear enough (score is in the neutral zone) — sitting out this hour.
1788199253741,2474.09,,,,,,Signal isn't clear enough (score is in the neutral zone) — sitting out this hour.
