{"direction": "long", "last_raw_direction": "long", "entry": 64112.573333333334, "stop": 63662.001904761906, "target": 64895.846666666665, "rr": 1.7383999154512773, "generated_at_ts": 1784559657746, "filled": false, "last_posted_direction": null}