{"direction": null, "last_raw_direction": "short", "entry": 75.77050000000001, "stop": 76.50014285714288, "target": 74.67428571428572, "rr": 1.5023984336759684, "generated_at_ts": 1784026865044, "filled": false}