{"direction": "short", "last_raw_direction": "short", "entry": 75.6605, "stop": 76.45442857142856, "target": 74.46960714285714, "rr": 1.5000000000000089, "generated_at_ts": 1784242853696, "filled": false}