{"direction": "short", "last_raw_direction": "short", "entry": 75.91449999999999, "stop": 76.75985714285713, "target": 74.64646428571427, "rr": 1.5000000000000084, "generated_at_ts": 1784250052884, "filled": false}