{"direction": "short", "last_raw_direction": "short", "entry": 74.2115, "stop": 74.96471428571428, "target": 73.08167857142857, "rr": 1.5000000000000189, "generated_at_ts": 1784912452764, "filled": false, "last_posted_direction": null}