{"direction": "long", "last_raw_direction": null, "entry": 78.054, "stop": 77.35542857142858, "target": 79.10185714285714, "rr": 1.5, "generated_at_ts": 1784628051638, "filled": false, "last_posted_direction": null}