{"direction": "long", "last_raw_direction": "long", "entry": 1877.9334999999999, "stop": 1849.676714285714, "target": 1920.3186785714286, "rr": 1.5, "generated_at_ts": 1784073667288, "filled": false}