{"direction": "short", "last_raw_direction": "short", "entry": 75.5945, "stop": 76.46128571428571, "target": 74.29432142857144, "rr": 1.4999999999999918, "generated_at_ts": 1784264451883, "filled": false, "last_posted_direction": null}