{"direction": "long", "last_raw_direction": "long", "entry": 1865.991, "stop": 1854.2931428571428, "target": 1883.5377857142857, "rr": 1.5, "generated_at_ts": 1784458939050, "filled": false, "last_posted_direction": null}