{"direction": "short", "last_raw_direction": "short", "entry": 75.369, "stop": 76.26685714285713, "target": 74.02221428571428, "rr": 1.5000000000000158, "generated_at_ts": 1784257253740, "filled": false}