{"direction": "short", "last_raw_direction": "short", "entry": 75.4825, "stop": 76.38785714285714, "target": 74.1244642857143, "rr": 1.4999999999999922, "generated_at_ts": 1784254588167, "filled": false}