{"direction": "short", "last_raw_direction": "short", "entry": 75.12799999999999, "stop": 75.78799999999998, "target": 74.13799999999999, "rr": 1.5, "generated_at_ts": 1784898049928, "filled": false, "last_posted_direction": null}