{"direction": "short", "last_raw_direction": "short", "entry": 75.7325, "stop": 76.35928571428572, "target": 74.79232142857143, "rr": 1.5, "generated_at_ts": 1784890872111, "filled": false, "last_posted_direction": null}