{"direction": "short", "last_raw_direction": "short", "entry": 76.1635, "stop": 77.04957142857143, "target": 74.83439285714286, "rr": 1.5, "generated_at_ts": 1784235651880, "filled": false}